Ripe Stylus,2007-7-6,disillusionedgnat@mail.kz,8573457,Europe,1
Therapeutic Maize,2012-7-7,psychedelicmalice@yahoo.com,2699684,Australia,3
Hurried Bull-Fighter,2012-9-17,faintbustle@yahoo.com,9285152,North America,1
Phobic Footstool,2016-2-3,obedientcleric@hotmail.com,2486744,North America,2
Crazy Aid,2007-5-2,colossalfirewall@mail.com,9687642,China,2
Lucky Hutch,2014-6-20,bumpyproject@hotmail.com,7675826,South America,2
Foamy Plenty,2019-6-12,offbeatstonework@gmail.com,2722292,CIS,2
Hellish Pliers,2014-1-26,painstakingcape@yahoo.com,8902359,CIS,1
Abaft Speaker,2010-6-20,awfultarget@hotmail.com,3684972,Europe,4
Reflective Mutt,2020-11-6,nostalgictenet@gmail.com,1218587,SE Asia,1
Joyous Simplicity,2008-6-21,mysteriouspinot@aol.com,653614,North America,4
Colorful Upgrade,2006-2-23,livelymaniac@yahoo.com,2033777,CIS,2
Smelly Pony,2005-3-5,pastorallode@aol.com,7177816,China,3
Worried Probation,2011-7-28,macabrewool@gmail.com,4369090,South Africa,1
Deep Wake,2014-6-20,didacticclover@gmail.com,8458373,South America,1
Mysterious Dispatch,2016-5-18,happylouse@gmail.com,5539200,North America,4
Alert Hometown,2019-2-27,chubbystatin@yahoo.com,4739490,SE Asia,2
Seemly Burrow,2015-2-20,humdrumstumbling@gmail.com,6938851,SE Asia,4
Ratty Dilapidation,2014-11-27,straighthour@yahoo.com,1959416,North America,2
Onerous Book,2015-11-9,tameexperimentation@yahoo.com,4316974,Australia,2
Rebellious Infinite,2017-5-28,zealousblackness@mail.com,476347,CIS,4
Whispering Tangerine,2017-9-22,tarticecream@mail.kz,9932912,Europe,4
Hot Inlay,2015-10-2,hospitableinsolence@mail.com,8003648,Europe,3
Tenuous Coach,2017-7-2,resonantleaf@hotmail.com,2782659,Australia,3
Kindhearted Logic,2015-11-25,spiritualstrait@yahoo.com,2069720,South Africa,4
Alert Chicken,2008-2-17,ceaselessrevelation@mail.kz,472010,North America,2
Miscreant Parking,2019-2-11,assortedhorizon@gmail.com,9487899,South Africa,1
Magenta Puppet,2013-10-22,carefulspud@yahoo.com,2046063,CIS,2
Puny Plugin,2007-8-19,bizarrebarley@mail.com,5370331,Europe,2
Abnormal Vogue,2018-5-11,rhetoricaldiagnosis@gmail.com,4923363,Australia,2
Yummy Bit,2013-6-14,machogravel@hotmail.com,471642,SE Asia,4
Cool Philanthropy,2017-8-24,brashdomination@yahoo.com,9710051,CIS,1
Subdued Hearth,2010-9-9,aquaticdipstick@mail.com,480289,South America,1
Abhorrent Camera,2019-7-22,stimulatingdrum@gmail.com,9420655,South Africa,1
Fortunate Community,2007-4-1,cloisteredgrape@hotmail.com,6469632,CIS,4
Measly Maintainer,2006-9-28,penitentsneeze@gmail.com,2799197,SE Asia,3
Mighty Purr,2016-6-2,testedpamphlet@hotmail.com,3029023,South America,3
Bad Difficulty,2017-7-23,fiercerevenant@mail.kz,9478309,Europe,3
Damp Campaign,2014-1-18,willinghospitality@mail.com,5591639,South Africa,1
Hospitable Woolens,2017-1-5,sinceremink@hotmail.com,5218315,SE Asia,1
Adventurous Trade,2018-8-27,dashingnexus@hotmail.com,7073441,Australia,1
Scintillating Statement,2012-10-10,ovaloutrage@mail.kz,2926172,South Africa,3
Super Engineer,2020-1-1,kindheartedhomogenate@hotmail.com,2538887,Australia,2
Teeny Emission,2020-6-1,cowardlycaterpillar@yahoo.com,260223,Europe,2
Abstracted Corsage,2015-7-10,deadpansnug@aol.com,1512676,South America,3
Hilarious Faith,2005-9-10,boilingdollop@gmail.com,311149,South Africa,2
Helpful Adaptation,2011-8-24,uncoveredpamphlet@hotmail.com,1736917,North America,1
Aback Football,2007-6-1,macabrerealm@gmail.com,7929394,China,1
Afraid Boost,2020-9-2,cageyboot@yahoo.com,3863314,Europe,3
Belligerent Pseudocode,2020-7-8,juicyanthropology@yahoo.com,8190056,North America,3
Abandoned Squirrel,2011-5-1,utopianjail@mail.kz,1605769,CIS,4
Null Query,2010-2-9,demonicambassador@yahoo.com,1198158,SE Asia,3
Deeply Condominium,2016-1-28,wretchedclasp@gmail.com,2611039,South America,4
Glib Men,2009-11-14,sweetstep-father@gmail.com,2694773,Australia,2
Greedy Bumper,2005-12-14,furtiveniece@yahoo.com,1049959,Europe,1
Addicted Humour,2010-6-15,resonantwoman@mail.com,3572207,South America,4
Half Trophy,2015-9-24,clammycaliber@aol.com,5487848,North America,3
Worried Mezzanine,2018-3-24,detailedwaterbed@aol.com,8220863,South Africa,1
Early Webinar,2013-11-28,agreeablestrike@gmail.com,2510401,Australia,4
Glib Brush,2018-3-24,ambitiouscopying@aol.com,2184968,China,4
Squalid Arm-Rest,2015-9-25,aliveextent@mail.com,1401715,Australia,3
Wacky Sauerkraut,2005-11-28,holisticstop@aol.com,8668019,South Africa,4
Lean Grasp,2014-4-1,economiclikeness@mail.kz,187393,SE Asia,3
Miniature Tentacle,2010-9-15,quarrelsomejumpsuit@mail.com,9424884,Australia,1
Coherent Square,2013-4-1,lewdslash@aol.com,2495482,Europe,3
Absent Ear,2018-4-15,animatedcondition@hotmail.com,2094118,CIS,1
Talented Pot,2015-2-7,aboundingsignificance@aol.com,6537462,Europe,3
Tasteful Education,2010-8-28,flawlesspollution@aol.com,7319186,China,3
Nutty Slate,2012-6-27,puzzledhippopotamus@aol.com,6316866,South Africa,1
Grandiose Flan,2009-4-12,squeamishuniform@hotmail.com,5990946,South Africa,4
Tall Window,2017-9-5,delightfulendorsement@yahoo.com,4924940,China,2
Heavy Insolence,2019-9-15,worriedshipyard@hotmail.com,6359194,Australia,3
Oafish Skullduggery,2019-5-3,robustphoto@aol.com,2105689,North America,2
Abashed Disco,2014-9-1,sordidqualification@mail.kz,7077163,CIS,3
Irate Gas,2012-12-27,trickyfire@gmail.com,7904639,North America,2
Accidental Motive,2008-10-14,subsequentbidder@aol.com,3083360,North America,4
Vengeful Seed,2018-10-6,quickestcyst@gmail.com,959398,South Africa,1
Guarded Mitten,2017-1-3,amusedrefectory@aol.com,3373861,Australia,1
Grouchy Index,2021-3-20,measlyalphabet@yahoo.com,6187456,North America,2
Dazzling Lathe,2006-4-11,literatetabernacle@yahoo.com,2704430,Australia,2
Zippy Warrant,2010-9-1,yieldinggelding@mail.kz,8584555,China,4
Abrupt Accelerator,2011-1-8,prouddead@gmail.com,6145507,South Africa,3
Uttermost Commuter,2019-11-14,psychedelicpseudocode@mail.com,7437751,CIS,4
Damp Office,2018-11-2,raggeddysfunction@gmail.com,5132057,South America,1
Muddled Postbox,2017-2-13,sordidfaucet@aol.com,2416899,CIS,2
Berserk Designation,2008-8-23,versedshackle@aol.com,4070767,Australia,2
Woebegone Lipstick,2015-6-21,overconfidenttransit@yahoo.com,9122400,Australia,4
Exultant Trophy,2013-5-6,flagrantscholarship@yahoo.com,2975196,Australia,4
Courageous Treasure,2021-6-21,laughablegosling@mail.com,8580404,China,4
Flat Chuck,2016-9-19,hellishbeach@mail.com,4833083,SE Asia,1
Fallacious Penalty,2021-1-2,momentousitem@mail.kz,3194851,South Africa,3
Maddening Questioner,2011-11-27,rapidcough@mail.com,5021910,North America,3
Deafening Oversight,2020-3-9,impossiblemeans@aol.com,1842279,Australia,3
Chubby Tournament,2009-3-28,judiciousrepair@mail.com,3740037,China,4
Synonymous Lecture,2017-8-28,ubiquitousyesterday@aol.com,7762180,South Africa,1
Whispering Memory,2006-4-14,darkprobability@yahoo.com,2603588,Australia,1
Expensive Seat,2020-6-3,crueljewel@yahoo.com,9398242,Europe,3
Abnormal Evening-Wear,2006-1-22,famoussquirrel@mail.kz,7512360,North America,2
Super Consensus,2006-10-11,hurriedspecies@gmail.com,8924969,CIS,4
Envious Urge,2018-11-19,devilishcourage@mail.kz,1314545,South Africa,4
Bizarre Dig,2018-11-10,richglockenspiel@gmail.com,9194903,Australia,2
Obsequious Sentiment,2015-12-9,periodiccollection@hotmail.com,7486051,Europe,3
Lucky Legislature,2018-1-24,highintuition@gmail.com,9193908,North America,1
Understood Congress,2014-3-1,wittybrow@aol.com,5593870,China,4
Cooperative Legal,2011-5-25,fantasticdump truck@yahoo.com,3080465,CIS,3
Symptomatic Staircase,2007-2-21,enthusiasticreasoning@mail.kz,9133985,Europe,1
Changeable Sheep,2020-4-12,icymayor@aol.com,7551582,SE Asia,3
Measly Quiet,2006-9-4,repulsiveattendant@mail.kz,9677519,South Africa,4
Abandoned Afoul,2019-6-11,angrycolonialism@aol.com,7650209,North America,1
Holistic Gadget,2018-6-5,lovelyorator@yahoo.com,7150096,Australia,1
Furtive Bid,2010-5-24,mightyguerrilla@yahoo.com,6995806,Europe,3
Alike Coverage,2007-10-5,dazzlingremote@gmail.com,474421,China,4
Vague Ant,2017-5-12,lovingparadise@yahoo.com,9161028,SE Asia,2
Shy Customer,2019-5-11,quietethics@hotmail.com,4729675,CIS,2
Jaded Million,2020-4-6,astonishingsavannah@aol.com,3059163,North America,1
Demonic Sophomore,2014-4-2,bravemass@aol.com,8239210,Australia,4
Torpid Viability,2015-11-2,torpidscent@mail.kz,2664432,North America,4
Racial Brow,2009-12-11,combativecage@hotmail.com,4383663,South America,3
Odd Avalanche,2011-2-28,meekseaplane@hotmail.com,3195701,Europe,1
Hospitable Dulcimer,2012-5-1,wretchedoffice@aol.com,9506854,North America,4
Woebegone Pepper,2005-3-14,weecelsius@hotmail.com,764776,South Africa,4
Panicky Synthesis,2008-8-17,awfulclause@mail.kz,2550943,CIS,1
Dysfunctional Premeditation,2018-9-10,energeticsolution@aol.com,5343864,China,3
Abiding Intensity,2005-8-22,clevernotation@mail.kz,1545710,South America,1
Wiry Store,2015-10-4,lopsidedcandelabra@mail.com,8723223,Australia,1
Parched Basics,2017-10-4,chillypew@mail.com,441426,North America,4
Flashy Ground,2006-12-7,unbiaseddetection@mail.com,6244753,South Africa,4
Talented Decline,2018-1-17,hurriedcamera@hotmail.com,5545450,Australia,1
Roomy Wrestler,2016-8-1,fatguestbook@aol.com,4335499,China,2
Uttermost Vote,2017-9-9,flathate@mail.com,5306098,CIS,4
Strange Chin,2008-10-12,exclusiveattribute@mail.com,4731288,Australia,3
Aboard Compliance,2016-8-21,badolive@yahoo.com,6299190,SE Asia,2
Mundane Cultivator,2019-10-18,legalcanoe@hotmail.com,8838712,China,1
Brave Neuropsychiatry,2016-1-4,ancientvan@gmail.com,3772843,Europe,2
Broad Bowling,2012-8-17,knowingpronoun@yahoo.com,6144267,South Africa,2
Husky Cofactor,2014-8-9,breakablesonar@mail.com,1595795,CIS,2
Adamant Inspection,2012-8-1,hesitantmeander@mail.com,3470178,South Africa,1
Subsequent Dune Buggy,2016-1-25,scrawnymouth@hotmail.com,9887900,South Africa,2
Wee Chemical,2014-7-4,meltedventi@hotmail.com,5461164,Australia,4
Half Family,2021-5-25,toughvixen@hotmail.com,2897818,Europe,2
Lyrical Rivulet,2017-10-2,resonantrisk@mail.com,9730062,CIS,4
Cautious Athlete,2010-12-25,thunderingstallion@gmail.com,2780679,South Africa,1
Measly Sister-In-Law,2005-2-5,lopsidedbore@mail.com,6853552,SE Asia,1
Overjoyed Rayon,2010-9-17,troubledcheckroom@aol.com,779628,China,2
Petite Quince,2018-8-7,easyangstrom@yahoo.com,7842600,North America,3
Powerful Disengagement,2006-1-23,diligentbeginner@mail.kz,8198404,SE Asia,1
Rampant Crush,2010-10-17,dangeroussushi@aol.com,8697804,SE Asia,3
Late Child,2009-9-1,holisticseparation@gmail.com,154652,South America,1
Placid Alias,2009-7-2,scatteredvolatility@gmail.com,5870136,SE Asia,4
Thirsty Ordination,2009-10-17,acceptablenucleotide@gmail.com,9834889,CIS,1
Different Cover,2005-3-28,tangiblelipstick@mail.kz,4012037,North America,1
Profuse Kumquat,2011-11-7,moaningimpudence@aol.com,8686747,CIS,4
Cute Path,2006-12-1,didacticcop-out@yahoo.com,5973662,Australia,2
Lively Shipping,2013-9-10,aloofvane@gmail.com,7622771,South America,2
Fair Locust,2005-6-15,skinnycarpeting@mail.kz,7735721,SE Asia,4
Acrid Stop,2019-6-22,flipped-outcorrespondent@yahoo.com,1286019,China,1
Amused Desk,2005-8-3,nastyideal@gmail.com,544707,South America,4
Purple Champagne,2008-2-7,needysecrecy@yahoo.com,7001072,Australia,4
Numberless Drop,2006-8-6,defeatedair@gmail.com,3735495,CIS,4
Grotesque Pit,2014-7-1,relievedcalculation@mail.com,6246281,South Africa,3
Uptight Essay,2021-3-24,watchfulgondola@yahoo.com,3038393,Europe,1
Gabby Armrest,2012-1-15,roomyfamiliarity@yahoo.com,7383744,CIS,2
Oafish Door,2016-1-12,healthypiece@mail.com,1677057,Europe,1
Square Junket,2010-4-13,sillyelevator@yahoo.com,4808197,SE Asia,3
Laughable Productivity,2008-6-2,exclusivelathe@gmail.com,69412,Australia,4
Psychedelic Homogenate,2011-12-25,youthfulindependent@yahoo.com,7842084,China,1
Flawless Slang,2017-12-3,unaccountabletestimonial@gmail.com,4031557,Europe,3
Frail Access,2014-5-20,permissibleecclesia@gmail.com,3989843,Australia,2
Adventurous Eclipse,2019-11-2,judicioustonic@hotmail.com,6016171,North America,4
Debonair Seaplane,2008-11-15,juvenileantennae@hotmail.com,2219169,SE Asia,2
Glossy Fob,2014-6-20,drabsip@hotmail.com,431688,CIS,4
Rambunctious Termite,2008-11-2,enviousexpertise@gmail.com,2384687,Europe,3
Exclusive Opinion,2017-5-4,gruesomemind@hotmail.com,6377834,SE Asia,1
Blue Constraint,2006-2-3,imperfectmechanic@yahoo.com,1359379,North America,1
Vengeful Meat,2008-4-23,unsightlytopsail@hotmail.com,6482443,SE Asia,1
Ill Ignorant,2013-7-24,openunderwear@gmail.com,8913881,North America,3
Judicious Cross,2009-6-13,tightfistedshop@gmail.com,81229,North America,4
Precious Great-Grandfather,2006-6-27,ubiquitouswindscreen@hotmail.com,6003363,SE Asia,3
Synonymous Marble,2015-6-21,gabbyinhibition@yahoo.com,2152724,North America,4
Subsequent Alcove,2013-11-20,lackadaisicalsugar@mail.kz,4516125,SE Asia,4
Heavy Phosphate,2016-10-19,narrowdisk@yahoo.com,568441,Europe,1
Optimal Popularity,2014-3-6,healthymuseum@aol.com,2029260,CIS,1
Willing Boolean,2014-9-24,jealousintelligence@mail.kz,6523759,South America,3
Thoughtless Butter,2010-8-24,politicaljiffy@hotmail.com,7810547,South America,3
Agonizing Carboxyl,2008-4-6,industrioustimetable@yahoo.com,9928731,CIS,3
Angry Co-Producer,2019-5-10,leancuff-link@mail.kz,9371543,South Africa,1
Available Field,2009-7-8,omniscientskyline@hotmail.com,5086269,China,4
Frantic Scimitar,2017-6-9,evilhydrofoil@mail.kz,1677839,Australia,3
Utopian Initiative,2009-5-12,pleasantaquarium@mail.kz,1737703,North America,2
Supreme Account,2015-7-17,prouddefendant@mail.kz,6290738,South Africa,1
Wanting Finer,2011-10-17,tenderextinction@gmail.com,4418044,Europe,1
Beautiful Mole,2014-7-10,internalgreed@gmail.com,1455733,CIS,4
Incompetent Wildebeest,2019-6-5,franticbanking@mail.com,5155791,CIS,2
Tasteful Tugboat,2016-7-15,efficientnose@yahoo.com,9393890,SE Asia,4
Broad Cuff-Link,2016-3-9,possessivecamper@mail.com,7990176,Europe,3
Spooky Bower,2017-11-18,outrageouskneejerk@yahoo.com,3823913,CIS,1
Miniature Die,2008-6-24,phobicblind@mail.com,1465647,South Africa,3
Garrulous Show,2009-3-26,illegalromance@mail.com,6762752,CIS,4
Drunk Balance,2021-12-2,stimulatingdomination@gmail.com,372162,Europe,4
Humdrum Diabetes,2017-1-25,flippantforever@mail.com,420195,Australia,3
Somber Administration,2018-6-7,brokenbough@yahoo.com,6819979,Europe,4
Wet Frog,2021-2-8,enchantingfee@mail.com,4938109,South Africa,4
Strong Formamide,2011-1-9,brainyscarecrow@mail.com,1132910,SE Asia,4
Determined Fleece,2007-7-27,offbeatcotton@gmail.com,7738138,Europe,2
Wee Homosexuality,2019-5-28,spookyrealization@hotmail.com,5574433,SE Asia,1
Overjoyed Faucet,2009-4-27,nauseatinganger@hotmail.com,4602091,China,1
Solid Campus,2007-2-16,thirstybowling@mail.kz,886526,South Africa,2
Steady Chem,2011-9-28,pricklytugboat@hotmail.com,4215480,Europe,3
Colossal Sector,2011-5-7,exuberantcanvas@hotmail.com,4538076,South America,2
Hallowed Fitness,2011-10-2,juvenilehunt@hotmail.com,1265283,North America,2
Defeated Rush,2015-12-28,judiciousnickel@hotmail.com,4189740,South America,3
Innate Donor,2014-9-14,sneakypractice@aol.com,7695077,SE Asia,3
Miniature Amendment,2018-9-7,ludicrousline@hotmail.com,5541072,SE Asia,4
Hysterical Tourism,2021-6-9,psychedelicalligator@aol.com,7284584,North America,3
Comfortable Bedrock,2020-7-4,strangehit@hotmail.com,6129801,China,1
Wanting Cyst,2005-2-19,imminentorganizing@aol.com,9407596,SE Asia,3
Faint Absence,2016-12-10,hospitableinternet@aol.com,6990090,North America,3
Thankful Relationship,2021-3-3,loudsoftening@yahoo.com,1829741,Europe,2
Blue-Eyed Narrative,2008-5-25,openlogin@hotmail.com,9924751,Europe,4
Moldy Stable,2009-2-24,nebuloushexagon@yahoo.com,5234346,South America,2
Gaudy Pawnshop,2016-5-28,animatedbuggy@gmail.com,8258833,North America,1
Ultra Hello,2014-8-8,carefuldisability@yahoo.com,9237565,CIS,3
Square Dwarf,2008-7-23,patheticchronograph@mail.kz,3776018,SE Asia,3
Early Sunflower,2006-1-14,etherealdaybed@yahoo.com,6435385,North America,3
Direful Illness,2011-4-15,unarmedrepresentative@yahoo.com,3606703,SE Asia,1
Ceaseless Formal,2010-9-11,vengefuldining@mail.com,6741984,Europe,4
Irate Judo,2012-10-21,uptightwrapper@mail.kz,397990,CIS,4
Enchanting Mast,2013-5-7,swiftcodon@aol.com,4250115,CIS,2
Juicy Reprocessing,2021-5-19,endurablepublication@mail.kz,7519427,CIS,4
Imported Timing,2015-2-14,lyricalscarf@mail.kz,8903003,North America,1
Educated Geometry,2019-12-21,direfuladdition@mail.kz,2286331,South America,1
Divergent Warren,2013-6-13,wholesalereading@gmail.com,4303809,South America,1
Wrathful Inhabitant,2020-12-2,thirstytuber@yahoo.com,91217,CIS,3
Poor Noir,2010-6-15,giddylongitude@mail.com,4758124,Australia,3
Parched Permit,2010-10-19,naivearmour@hotmail.com,8868119,SE Asia,2
Pointless Choker,2007-2-27,wickedwagon@yahoo.com,8005330,China,2
Billowy Alcohol,2010-3-4,sloppyvodka@gmail.com,4514991,CIS,1
Quaint Sweatshirt,2019-10-7,illback-up@hotmail.com,2194565,CIS,3
Taboo Reputation,2009-1-15,dailyhook@mail.kz,9299674,Europe,2
Furtive Reactant,2013-4-25,spiritualranger@gmail.com,7211497,Europe,4
Fearless Sense,2013-9-23,excitedtrim@mail.com,9844411,China,2
Happy Wrapper,2018-1-17,laughablebather@aol.com,6489373,South America,4
Impartial Terminology,2011-10-15,vacuouspatriot@aol.com,5984314,CIS,3
Robust Blogger,2019-6-3,scrawnyveranda@aol.com,262720,SE Asia,2
Volatile Longboat,2009-10-19,tranquilsnap@mail.com,1823351,South America,2
Nauseating Chronometer,2009-8-17,broadsmog@mail.kz,8652104,CIS,2
Curly Bed,2021-6-2,bewilderedhand-holding@yahoo.com,7666185,South America,3
Zonked Activation,2012-11-25,damagingthong@mail.com,4163245,South America,2
Talented Acoustics,2005-1-15,boringflow@hotmail.com,4065063,South Africa,4
Unarmed Antigen,2013-10-27,imminentaccent@aol.com,5031723,CIS,1
Roomy Earmuffs,2008-10-9,defectivetrack@hotmail.com,9328339,North America,2
Flawless Astrologer,2011-6-16,sablemailing@mail.com,819379,Europe,3
Abstracted Choir,2018-1-27,elderlyhawk@mail.kz,3792308,China,1
Frightened Potty,2011-2-12,naivesite@mail.com,6417963,South America,1
Abounding Mobility,2020-6-19,pastoralvein@mail.kz,5658692,Australia,3
Cagey Beggar,2015-9-12,niceflesh@hotmail.com,369102,SE Asia,2
Penitent Steeple,2011-8-26,sulkyovercoat@hotmail.com,2425754,SE Asia,4
Absurd Flanker,2011-12-3,weakclarity@hotmail.com,4929888,China,3
Brave Yellow,2005-2-7,aggressivebooklet@gmail.com,7804299,SE Asia,2
Roasted Range,2015-1-18,strangespell@hotmail.com,7741226,North America,1
Melodic Injustice,2007-6-7,largesponge@hotmail.com,6700785,North America,3
High Parallelogram,2011-5-11,badveil@yahoo.com,8679421,Australia,2
Internal Occasion,2015-7-5,latescrambled@mail.kz,5092959,North America,4
Low Diction,2020-10-3,enviousspirituality@gmail.com,5162202,North America,4
Lopsided Watermelon,2011-10-8,earsplittingcoleslaw@mail.kz,315798,South Africa,4
Healthy Fulfillment,2018-4-27,tackylumber@aol.com,9092799,South Africa,2
Mere Azimuth,2011-9-28,divergentouthouse@yahoo.com,6408118,China,1
Nonchalant Dialect,2006-7-15,damagingcommotion@mail.kz,7012602,CIS,1
Crazy Ball,2020-7-23,alcoholicnet@yahoo.com,1315186,South America,1
Young Hamster,2013-8-10,lackingpaint@mail.com,4410125,South America,1
Resolute Dredger,2006-8-9,alooftexture@mail.kz,5118651,Europe,2
Endurable Theft,2014-3-16,eagerlinkage@hotmail.com,3858856,South America,2
Knowledgeable Rheumatism,2021-3-11,adjoiningbottle@hotmail.com,5905804,SE Asia,2
Prickly Otter,2021-11-5,pricklyfireman@mail.kz,1755594,North America,2
Industrious Sturgeon,2020-7-21,cruelcasserole@hotmail.com,4483976,Europe,3
Disturbed Cocktail,2018-10-4,usedcomponent@aol.com,7497877,South America,1
Garrulous Shirtdress,2007-10-6,combativecleric@aol.com,8969903,Australia,4
Cheerful Regime,2011-6-25,arrogantcrusader@gmail.com,2334369,Europe,2
Rabid Jodhpurs,2009-10-21,impossiblefluke@mail.com,4023149,CIS,1
Teeny Sneaker,2016-7-4,imaginarydomain@mail.kz,5524220,CIS,4
Tame Hummus,2012-11-24,meresequence@yahoo.com,7841136,South Africa,1
Majestic Facelift,2006-1-10,ubiquitousbeat@hotmail.com,6170127,SE Asia,1
Greasy Share,2014-11-17,absorbedforce@hotmail.com,4398867,North America,1
Omniscient Quadrant,2014-8-22,fanaticalrider@mail.kz,5751681,Europe,4
Scandalous Suicide,2011-10-21,obnoxiouspan@yahoo.com,8357421,South America,3
Incandescent Disarmament,2005-3-2,observantshortage@gmail.com,7492144,South Africa,1
Precious Constraint,2011-1-12,grotesquepoppy@mail.com,5998118,China,1
Ahead Narrative,2020-6-12,hushedcartload@aol.com,7489203,South America,3
Crooked Lumberman,2018-3-16,hypnoticsnow@aol.com,4224976,China,4
Chunky Glimpse,2019-6-18,tightfistedsubmarine@yahoo.com,9213538,Europe,4
Numerous Nutrition,2017-5-21,literatehubris@aol.com,5758836,Europe,1
Lethal Melody,2006-4-3,aggressivetank-top@mail.kz,6757877,CIS,2
Imminent Digging,2018-2-7,tallhoe@aol.com,8506101,CIS,1
Awful Full,2013-2-1,abackemployment@mail.com,8118142,South America,3
Exclusive Injustice,2020-10-6,obnoxiouschives@mail.kz,5827390,South America,1
Godly Margarine,2016-7-14,devilishopium@gmail.com,3156154,South Africa,3
Itchy Superiority,2012-8-26,billowyservant@mail.kz,3083583,Australia,1
Weary Hearth,2019-3-15,patheticgolf@yahoo.com,648387,North America,2
Lucky Frock,2018-12-26,maturefox@yahoo.com,5359036,South Africa,1
Arrogant Tenant,2013-2-24,rabidprogram@mail.com,3221206,CIS,1
Acoustic Stacking,2008-9-26,sweetcontainer@mail.com,6276428,China,4
Roasted Enrollment,2010-11-25,obnoxiousbother@aol.com,9979261,Australia,3
Wholesale Pick,2013-1-1,juicymember@mail.kz,9100513,South America,4
Deserted Envy,2007-6-21,festiveliver@aol.com,4015791,North America,2
Glossy Oatmeal,2017-11-14,venomousinitiative@aol.com,3795086,CIS,4
Accurate Beanstalk,2012-11-27,tiresomebehold@gmail.com,5708860,China,1
Dramatic Influx,2020-11-22,whisperingangle@aol.com,2350192,China,1
Tan Championship,2006-5-14,matureyolk@aol.com,179631,China,4
Gainful Footage,2008-11-25,animatedyear@mail.com,2602638,SE Asia,2
Watery Horizon,2008-1-18,fearlessoverload@mail.com,6241596,Australia,3
Arrogant Breastplate,2015-12-4,succinctfinisher@yahoo.com,312663,Australia,1
Uninterested Soup,2008-11-11,decorousmailer@gmail.com,2936178,SE Asia,4
Victorious Childhood,2021-10-16,fertileshape@mail.kz,1585494,Australia,3
Rural Conditioner,2010-1-18,invinciblehail@hotmail.com,4843276,Europe,1
Busy Genius,2021-2-8,omniscienthire@gmail.com,1446858,China,1
Warlike Erection,2013-7-7,torpidreclamation@mail.com,6048702,Australia,4
Squalid Prospect,2021-11-27,lopsidedleisure@yahoo.com,237946,Australia,1
Alive Ban,2007-11-28,blue-eyedcontrol@mail.kz,2969520,China,4
Erratic Neon,2010-7-28,likeableraincoat@mail.kz,6323848,North America,3
Helpful Bonsai,2015-10-16,earlyfeed@gmail.com,4685563,CIS,3
Snotty Helmet,2021-4-22,meltedsight@mail.kz,2534991,CIS,2
Splendid Spreadsheet,2011-9-1,organiccomplicity@mail.com,8300351,CIS,3
Outstanding Siding,2006-7-28,fragilecobbler@mail.com,2256161,SE Asia,1
Prickly Annual,2015-4-5,wackytotal@aol.com,1204859,North America,3
Quack Testament,2007-4-10,cautiousmaize@hotmail.com,36173,South America,2
Thirsty Stay,2021-7-9,stickylobotomy@mail.kz,8775511,Europe,2
Thirsty Shopping,2010-11-23,lushmillion@hotmail.com,1639300,CIS,4
Parsimonious Air,2005-4-5,tartskirt@mail.kz,2958919,China,3
Lethal Dresser,2007-2-22,uptightsponge@gmail.com,1057835,Australia,4
Efficient Bracelet,2008-2-28,sassyrepresentative@hotmail.com,9025374,SE Asia,1
Rich Butler,2016-9-27,toweringdancer@mail.com,3333236,North America,2
Ashamed Porter,2013-3-5,ambiguousboycott@aol.com,9374281,China,3
Zealous Stepdaughter,2013-11-14,cravenshed@mail.kz,6289569,China,1
Envious Neighbor,2019-3-1,variouselk@gmail.com,3420797,SE Asia,3
Homely Lifetime,2017-10-16,panickycricket@gmail.com,332461,CIS,3
Venomous Graduation,2015-4-12,yummyavalanche@mail.com,7656305,Europe,3
Ultra Bread,2005-8-3,goodtune@mail.com,1431403,Europe,4
Quick Recruit,2005-1-15,rampantcouple@gmail.com,5056874,SE Asia,3
Threatening Ranger,2020-11-16,needlessomelet@aol.com,259956,Europe,3
Aberrant Bough,2020-9-13,angryinfinite@gmail.com,6213359,China,1
Satisfying Banker,2012-4-16,mushyfibrosis@yahoo.com,8696459,South America,2
Equable Merchandise,2016-9-12,peacefultenor@mail.com,6991601,Australia,4
Dead Recreation,2008-9-14,quaintprison@mail.com,3481643,South America,3
Nifty Salsa,2009-4-4,aboriginalswitchboard@gmail.com,9912260,Australia,1
Many User,2012-8-6,devilishbidding@gmail.com,6531172,CIS,4
Crazy Endothelium,2010-7-26,decisiverehospitalisation@gmail.com,1326335,CIS,1
Fantastic Faith,2005-6-21,nuttyshirt@yahoo.com,5983909,South Africa,3
Guarded Eyestrain,2005-2-2,dramaticballpark@aol.com,7541161,SE Asia,3
Narrow Lemur,2014-11-11,damagedpublisher@hotmail.com,9797683,North America,3
Changeable Trip,2006-5-6,roastedtrim@aol.com,3939951,Australia,1
Blushing Parchment,2019-7-5,abruptconga@mail.kz,4428118,North America,4
Nappy Appetiser,2011-10-12,swelteringcatcher@aol.com,8827873,China,1
X-Rated Behavior,2007-5-4,boorishdownforce@gmail.com,8744044,South America,3
Legal Potato,2016-1-22,versedadjustment@gmail.com,7836891,Europe,3
Impossible Mirror,2019-5-24,chunkymeasure@hotmail.com,2717224,China,1
Magical Command,2008-8-3,ultraelk@hotmail.com,329310,South Africa,2
Diligent Dramaturge,2020-9-22,headygraph@yahoo.com,6297128,CIS,4
Minor Subsidiary,2012-3-28,sassytoothpaste@mail.com,5132322,China,3
Offbeat Metaphor,2007-9-14,rusticscenery@gmail.com,3092842,South America,3
Level Topsail,2011-1-13,fanaticalwetsuit@mail.kz,6231645,Europe,2
Amused Chipmunk,2015-12-5,tritebonsai@gmail.com,1061090,CIS,1
Staking Beanie,2009-10-18,juicysiding@mail.com,8255490,North America,3
Freezing Radiosonde,2007-10-25,fineeverything@mail.kz,9268543,CIS,4
Green Invite,2012-12-25,motionlessadvocacy@mail.com,9220239,CIS,3
Creepy Slipper,2008-12-27,cleargerbil@gmail.com,7341614,Australia,3
Versed Researcher,2018-5-16,deepturnip@hotmail.com,3424227,South America,1
Classy Safe,2016-12-21,roomytelevision@aol.com,6348482,CIS,2
Numberless Invasion,2008-10-16,sweetlaw@mail.kz,2809446,China,3
Tricky Terrace,2017-6-28,gentleblock@gmail.com,2576577,South Africa,3
Finicky Calculus,2011-3-21,robustelongation@hotmail.com,2229282,Europe,4
Yielding Logo,2009-11-22,breakablequartz@mail.com,81918,North America,4
Muddled Wagon,2021-9-9,hellishsir@gmail.com,5139219,China,4
Luxuriant Identity,2008-3-3,direfulassessment@mail.com,4948219,South Africa,1
Jumpy Production,2009-4-12,combativetimpani@yahoo.com,254643,CIS,1
Little Mozzarella,2013-5-27,fantasticbunkhouse@yahoo.com,7463939,China,4
Afraid Ephemera,2005-12-5,omniscientnation@yahoo.com,8705392,Europe,3
Little Airline,2006-9-25,bizarreneurobiologist@aol.com,8928860,South Africa,3
Elfin Portfolio,2009-9-25,protectivepulley@yahoo.com,4937780,South Africa,3
Wicked Criteria,2010-5-19,squealingcafe@mail.kz,2849752,China,4
Fretful Basket,2016-8-17,ultravinegar@mail.com,3462026,South Africa,2
Languid Kilt,2014-4-1,emptymeaning@aol.com,7962557,North America,3
Madly Thunderbolt,2009-11-14,parsimoniousbeginning@mail.com,2676678,South Africa,2
Cruel Carving,2009-10-24,stereotypedprovince@gmail.com,4603148,Australia,1
Energetic Periodical,2006-1-9,charmingatmosphere@mail.com,5017473,North America,1
Fine Dollar,2011-4-3,illegalbush@mail.kz,2049684,China,2
Big Prune,2019-7-27,annoyinggrape@mail.kz,4436128,SE Asia,1
Vivacious Incidence,2019-12-12,fiercesolitaire@yahoo.com,8578607,Europe,3
Dangerous Jackal,2012-1-13,cowardlyhockey@aol.com,8058498,CIS,4
Magical Scam,2016-6-19,muteknowledge@hotmail.com,2141441,CIS,1
Oafish Mark,2008-8-14,dizzystep@gmail.com,9690520,CIS,4
Shaky Caribou,2014-4-25,vastpot@yahoo.com,7360022,Europe,3
Delicious Trade,2005-9-16,animatedanklet@mail.kz,8224031,CIS,1
Victorious Information,2021-7-19,capableopportunist@hotmail.com,4490335,China,3
Splendid Fairness,2017-10-1,gorgeousconfidentiality@aol.com,8970652,North America,3
Godly Monitoring,2015-10-20,cuddlycake@mail.com,9290471,Europe,3
Poised Dress,2021-10-24,cooinginvention@mail.kz,17667,SE Asia,4
Verdant Safety,2009-6-3,jaggedcocktail@aol.com,2557172,SE Asia,1
Efficacious Care,2005-9-18,picayunealternative@hotmail.com,6681377,Australia,4
Dazzling Squatter,2008-2-23,punytwig@mail.kz,653256,SE Asia,3
Omniscient Housewife,2020-8-5,gloriousmetronome@gmail.com,752412,South Africa,1
Unbecoming Dot,2020-4-12,obscenesleepiness@mail.kz,9808172,North America,2
Slippery Nerve,2009-8-6,stimulatingchino@hotmail.com,5879663,SE Asia,1
Seemly Bacon,2005-1-3,capriciousclove@gmail.com,1728856,SE Asia,2
Teeny Dig,2018-9-10,ordinarygallery@mail.kz,646033,North America,3
Arrogant Abolishment,2010-9-9,openparticular@mail.kz,6730147,Australia,1
Breezy Commotion,2005-6-4,softbuying@aol.com,2504537,South Africa,4
Romantic Mainland,2020-2-1,newsandal@mail.kz,463655,CIS,1
Boring Outlook,2019-2-8,aromaticgadget@mail.kz,8080461,Australia,4
Wretched Leading,2006-10-26,quackmedia@gmail.com,4072700,CIS,4
Knotty Show,2006-9-21,excitedaid@mail.com,9279033,South America,2
Wrathful Edible,2011-11-20,madlyconstellation@gmail.com,8058189,Europe,4
Grouchy Cria,2018-3-25,vivaciousbrief@gmail.com,4817080,China,4
Painful Drum,2011-1-18,curvedwholesale@hotmail.com,1033150,Australia,1
Cuddly Ficlet,2006-4-6,wickedgeneral@aol.com,6770642,North America,4
Abrasive Hour,2012-8-26,miscreantpassword@aol.com,4766374,SE Asia,1
Quiet Overhead,2006-1-10,quackmoth@aol.com,1588228,Europe,3
Dysfunctional Oldie,2016-3-25,magentamapping@hotmail.com,7703519,Australia,2
Arrogant Iron,2011-11-28,stalebonfire@aol.com,7548893,South Africa,2
Tested Workforce,2013-11-17,availablepinot@gmail.com,5853676,SE Asia,3
Jazzy Anchovy,2011-3-7,absentconspirator@aol.com,3088226,SE Asia,4
Alive Bracelet,2005-5-8,gabbyclearance@mail.kz,6737940,South America,2
Stingy Dependency,2007-3-18,symptomaticera@gmail.com,8514729,South America,2
Disagreeable Drunk,2016-11-18,addictedpaperback@yahoo.com,3465749,South America,2
Sparkling Glutamate,2008-10-6,stereotypedpastry@aol.com,7685853,CIS,3
Guarded Van,2007-5-12,alertpigpen@gmail.com,4297361,China,4
Helpless Marines,2010-8-1,sleepydegree@mail.com,8574807,SE Asia,4
Overwrought Shopper,2018-8-27,efficientexpedition@aol.com,9652298,China,4
Optimal Deliberation,2006-4-17,flagrantchrome@mail.com,5127002,North America,3
Groovy Cause,2019-7-27,hallowedgrenade@hotmail.com,5808641,North America,3
Succinct Precedence,2015-5-3,blue-eyedhundred@mail.kz,9636431,Europe,2
Offbeat Commander,2018-4-27,courageouswhite@mail.com,4448510,CIS,3
Wonderful Medication,2010-2-18,purringbeast@mail.kz,4031462,China,1
Knowledgeable Palate,2016-6-17,flipped-outbubble@gmail.com,8657363,SE Asia,3
Scarce Archer,2011-9-23,foolishstandardisation@mail.kz,7534018,China,3
Cultured Tug,2013-3-22,politicalmesenchyme@mail.com,4679565,Europe,3
Thankful Mom,2019-8-7,maturethrift@aol.com,8521803,China,3
Heady Saint,2005-8-22,economicconfirmation@mail.kz,2995414,CIS,1
Crooked Subexpression,2014-5-11,chunkyephemeris@gmail.com,5741349,Europe,2
Easy Burn-Out,2010-4-9,guardedphilanthropy@mail.kz,27608,China,2
Absurd Reconsideration,2005-12-3,miniaturemagic@gmail.com,929308,South America,2
Mundane Credibility,2017-4-16,sablemotorcar@yahoo.com,3695640,China,3
Gusty Lace,2016-12-14,minorwad@mail.kz,4432513,SE Asia,1
Husky Array,2007-3-19,lethalgymnastics@aol.com,2531486,South Africa,4
Miscreant Stumbling,2021-9-27,broadgrammar@mail.kz,8830637,South America,2
Handsomely Memo,2014-12-17,muddledfamily@gmail.com,6857494,China,2
Parsimonious Fat,2007-5-16,moaningspot@aol.com,7534353,South Africa,4
Plain Confusion,2005-10-16,shaggyopponent@hotmail.com,880788,CIS,3
Historical Nursing,2020-10-26,hardvitro@yahoo.com,519115,SE Asia,1
Efficient Hydrolyse,2008-8-19,thoughtlesslycra@mail.com,6213782,Australia,2
Callous Dwarf,2013-12-22,decisivenurture@aol.com,9805845,CIS,3
Crowded Evidence,2011-2-22,punybehest@yahoo.com,1431335,North America,4
Abrupt Hearthside,2011-1-2,heartbreakingleisure@aol.com,7433623,Europe,4
Glorious Phosphate,2014-10-4,screechingideal@hotmail.com,293852,SE Asia,2
Gaudy Solidity,2018-11-7,sorechestnut@mail.kz,6846475,North America,4
Scattered Initiative,2006-8-27,scatteredsystem@yahoo.com,8922604,South America,3
Labored Fedelini,2008-1-27,anxiousstance@mail.kz,7528666,Australia,4
Cuddly Album,2011-10-25,invincibleteller@hotmail.com,3614750,CIS,4
Miscreant Polliwog,2015-9-6,realrailway@mail.com,4692985,SE Asia,2
Momentous Stiletto,2017-3-27,holisticbitter@mail.kz,3274618,CIS,4
Modern Membrane,2021-7-8,bluejulienne@gmail.com,4526173,CIS,3
Psychedelic Commercial,2015-10-19,cuddlyguitar@gmail.com,544438,CIS,3
Perpetual Twig,2012-9-11,cowardlygear@gmail.com,1955430,Australia,1
Oceanic Disagreement,2005-5-3,fallacioustamale@hotmail.com,367226,Australia,1
Smiling Grill,2018-3-4,cloisterednonconformist@aol.com,5745360,CIS,3
Ambitious Mate,2017-12-20,flawlessinterest@aol.com,9053843,South America,4
Dramatic Ocean,2017-12-21,flashypumpkin@hotmail.com,8243210,CIS,2
Animated Refund,2008-5-18,spicyark@yahoo.com,2689419,South America,4
Absent Kidney,2006-12-8,shiveringstruggle@mail.kz,8662313,Europe,2
Late Reaction,2009-3-4,annoyingfamily@gmail.com,7858100,Australia,2
Thundering Executive,2020-1-23,fearlesspresentation@gmail.com,4146111,Europe,4
Rural Belly,2014-8-10,fancyspike@mail.com,7972914,South America,2
Motionless Shopping,2016-9-6,itchyyolk@yahoo.com,2231232,North America,1
Shaky Bandanna,2008-2-19,wackycombine@aol.com,2682281,South America,4
Combative Termite,2019-6-17,faultybout@mail.com,1573723,Europe,4
Laughable Male,2007-9-19,longking@yahoo.com,1352689,China,3
Debonair Dissemination,2008-4-24,abnormalenquiry@aol.com,4741407,South Africa,4
Spectacular Raspberry,2011-1-25,crazyfledgling@gmail.com,4773875,North America,1
Ruddy Credential,2015-9-21,humdrumcane@yahoo.com,1666150,SE Asia,3
Fuzzy Behaviour,2007-3-21,loosemate@mail.com,6528839,SE Asia,4
Judicious Turban,2009-12-27,nauseatingpusher@mail.kz,7537472,South Africa,1
Jumpy Drainage,2020-3-21,enchantingpickup@gmail.com,4828844,North America,3
Capable Back,2018-10-14,heavyprocessing@mail.kz,8371674,North America,2
Jaded Preparation,2021-12-18,godlypennant@aol.com,8761591,CIS,1
Envious Wound,2017-6-12,testedmodeling@mail.com,3659653,SE Asia,3
Undesirable Decision,2013-1-14,synonymousancestor@aol.com,9286049,Europe,2
Jazzy Kayak,2006-6-23,fertiledownfall@aol.com,5995006,CIS,4
Ancient Touch,2021-8-14,quackarmor@mail.kz,3369813,South America,2
Omniscient Ban,2012-5-7,curiousjourney@gmail.com,726289,North America,4
Apathetic Rating,2010-6-11,lazypatron@yahoo.com,7987258,South America,1
Shocking Subexpression,2016-3-5,ruralmisnomer@hotmail.com,5204738,Europe,3
Inconclusive Limestone,2013-5-5,lightmode@hotmail.com,5476440,SE Asia,2
Mammoth Disconnection,2016-11-18,sorecloudburst@hotmail.com,902703,CIS,1
Spurious Local,2020-11-10,badcrotch@gmail.com,2739357,CIS,1
Tender Lady,2009-10-16,juvenileattacker@mail.kz,7279338,North America,2
Murky Encouragement,2018-8-4,unbecomingrunner@hotmail.com,903724,North America,4
Scary Meteor,2021-12-11,foamymuscle@mail.com,5128525,SE Asia,3
Dangerous Scheme,2019-12-10,toweringvelocity@mail.com,7728775,Europe,4
Laughable Winery,2012-4-8,sedateshock@aol.com,791953,Europe,1
Available Detective,2005-2-2,accuratelitmus@hotmail.com,8874826,South Africa,3
Excellent Ocean,2018-8-13,sloppythreshold@gmail.com,1020508,CIS,3
Deranged Golf,2015-4-16,meresignet@yahoo.com,1592051,SE Asia,4
Joyous Background,2016-2-12,classyfrosting@mail.com,3758444,China,1
Magnificent Whey,2018-1-26,triteoar@hotmail.com,9389478,SE Asia,2
Ubiquitous Interviewer,2007-2-14,snobbishlifestyle@yahoo.com,1915831,Australia,3
Fearless Heifer,2016-12-22,symptomatictrend@aol.com,5890585,North America,3
Dapper Male,2010-4-23,parsimoniousicing@aol.com,2162566,Australia,1
Picayune Rank,2010-4-19,aromaticbeancurd@mail.kz,6228392,North America,3
Slimy Ford,2013-1-10,yieldingfugato@gmail.com,6353490,Europe,3
Shy Massage,2019-5-3,depressedsunroom@mail.kz,921177,Europe,1
Better Pole,2006-8-10,dailymap@aol.com,5295498,South Africa,3
Fresh Currency,2007-5-15,adhesivepropaganda@aol.com,6708712,North America,4
Lavish Feedback,2006-11-10,franticdisaster@aol.com,9273207,Australia,1
Ill Set,2010-10-20,vaguepine@mail.com,9165655,SE Asia,4
Ragged Inside,2018-1-2,aquaticcloak@mail.kz,5136396,Australia,3
Nifty Quality,2016-7-13,icysunrise@yahoo.com,2689324,Europe,1
Subsequent Angstrom,2016-12-26,preciouspatriot@hotmail.com,4614813,Europe,3
Erratic Headlight,2005-2-14,murkysolicitation@aol.com,9093303,South America,2
Murky Tensor,2005-4-25,evasivetemp@mail.kz,7696756,South America,1
Dramatic Dot,2019-10-26,furtiveratio@mail.kz,5092525,South America,4
Open Feel,2020-5-25,eagergender@gmail.com,8212085,North America,4
Salty Chinchilla,2014-12-27,spurioustrait@mail.kz,8477801,China,3
Exotic Inequality,2011-9-5,loutishnutmeg@aol.com,7506095,North America,2
Loose Completion,2007-7-5,whimsicalmotorcar@mail.kz,6206950,Australia,1
Nutritious Burglar,2017-8-2,shallowpredecessor@hotmail.com,8242542,CIS,3
Vivacious Slapstick,2009-5-3,quizzicalilliteracy@mail.kz,258807,Australia,3
Gamy Lighting,2011-7-23,detailedbobcat@mail.kz,8371507,CIS,4
Ruthless Pyridine,2005-10-8,succinctstalk@aol.com,616870,South America,4
Taboo Pillow,2016-7-9,quizzicalwisteria@mail.kz,4075383,South America,3
Rich Covariate,2010-12-2,brashnetsuke@gmail.com,308933,CIS,4
Joyous Nightlight,2015-4-23,gentlelift@aol.com,6942778,South America,3
Materialistic Neighborhood,2019-1-13,pastoraldefault@gmail.com,6247690,North America,3
Productive Tote,2013-10-12,apatheticderrick@aol.com,5851402,South America,4
Cowardly Allergist,2011-4-18,redstomach@mail.com,2408188,North America,4
Condemned Root,2006-1-3,spectacularshield@mail.kz,1615992,China,1
Rabid Statin,2011-10-4,clammysearch@hotmail.com,8266561,Europe,2
Friendly Edition,2013-10-5,chubbyhardship@gmail.com,3736436,South Africa,4
Sharp Pruner,2014-10-26,coherenthavoc@hotmail.com,1118033,SE Asia,3
Therapeutic Hydroxyl,2016-4-14,chillydoc@aol.com,1727237,CIS,4
Rough Likelihood,2005-12-18,obsequiousbeak@mail.kz,869903,CIS,1
Straight Watcher,2020-11-7,jaggedstrife@mail.com,2882522,Australia,3
Gorgeous Talent,2013-10-18,erectattainment@yahoo.com,4078984,Australia,1
Long Drug,2011-8-18,quackraise@aol.com,6469317,China,3
Oafish Adjustment,2011-9-10,raspyshear@hotmail.com,2596109,China,4
Mindless Collaboration,2010-1-28,spotlesssalary@mail.com,9625730,South Africa,4
Cuddly Lyocell,2017-2-17,cheerfulazimuth@mail.kz,8262611,China,4
Spectacular Avocado,2019-3-17,boringbody@gmail.com,6315398,CIS,4
Difficult Minor-League,2006-6-5,yieldingmerchant@hotmail.com,2296290,CIS,1
Imperfect Shine,2007-3-16,productivesquatter@aol.com,2639766,SE Asia,4
Kindhearted Nod,2008-1-22,tancyclone@aol.com,7479235,Europe,4
Swanky Transfer,2018-4-24,wiryskunk@hotmail.com,5048453,North America,3
Selfish Dryer,2008-10-10,ruddyconsul@gmail.com,4470567,Australia,4
Worthless Fundraising,2009-3-20,alikeacoustics@yahoo.com,481616,South America,3
Helpless Saw,2006-9-10,melodicdune buggy@gmail.com,5292406,South Africa,1
Stupid Epic,2011-10-28,unablesanctuary@mail.com,7156532,Australia,3
Furtive Lemonade,2005-10-11,sneakyamenity@aol.com,2845581,China,3
Slow Inch,2013-2-9,faithfulcalm@mail.com,9725655,South Africa,3
Great Trombone,2015-10-25,onerouschinchilla@aol.com,8253381,Australia,1
Macho Pastoralist,2016-6-20,coolparade@yahoo.com,5586135,North America,2
Zany Forebear,2014-8-19,newguest@mail.com,5986757,South Africa,2
Witty Housing,2019-5-26,pumpedeggnog@gmail.com,7840524,South Africa,2
Uneven Cutlet,2018-3-1,wretchedarch-rival@hotmail.com,5660476,South Africa,2
Jumpy Buyer,2011-1-20,quarrelsomecon@yahoo.com,7444035,Australia,2
Frightened Sale,2009-11-2,learnedpick@mail.kz,5399764,South America,1
Lean Wolf,2019-4-15,squarebrassiere@mail.kz,6041168,CIS,1
Adhesive Regard,2006-5-2,lowelectrocardiogram@mail.com,2697985,South Africa,1
Perfect Bust,2013-3-7,slipperysnowboarding@aol.com,6112762,CIS,2
Domineering Jogging,2009-5-14,gullibleprey@gmail.com,7645266,CIS,1
Shiny Homosexuality,2005-6-16,youngimpostor@yahoo.com,293753,South America,4
Kind Pantology,2018-8-5,condemnedfall@yahoo.com,3524690,Europe,4
Weak Equity,2008-4-15,doubtfulpast@mail.com,1017675,Australia,2
Impartial Exposition,2006-1-6,lushminor@mail.com,1140101,South Africa,2
Immense Interferometer,2011-3-28,wearyclipboard@mail.com,8343976,SE Asia,2
Gaping Ecology,2007-6-27,aheadraincoat@mail.kz,3472413,Europe,4
Bad Quest,2016-11-18,combativeclosing@aol.com,4099445,CIS,1
Tranquil Refund,2021-12-27,splendidbanquette@hotmail.com,9541707,North America,2
Instinctive Pawnshop,2012-4-12,cutepulley@gmail.com,1687536,Australia,1
Efficacious Whelp,2019-1-7,scrawnysolidarity@mail.kz,4755789,South Africa,1
Hollow Bronco,2012-3-2,somberoboe@mail.kz,8216991,SE Asia,4
Aspiring Petticoat,2012-10-8,utteroasis@mail.kz,7523456,China,1
Damaged Resort,2013-1-18,internalfeng@aol.com,4634981,South America,1
High-Pitched Patriarch,2015-8-24,outstandingketchup@gmail.com,7300700,Australia,1
Honorable Self-Control,2020-10-24,imperfectmessenger@gmail.com,8051449,Europe,4
Watery Dynamics,2018-2-8,toothsomeequinox@mail.com,7739485,SE Asia,4
Momentous Press,2019-8-18,substantialgosling@yahoo.com,2151201,Europe,1
Glib Achiever,2008-1-28,wholesalesnowplow@mail.kz,7959712,CIS,1
Known Diamond,2005-10-15,pointlesstrader@mail.com,3104751,Australia,1
Tasteful Burn,2014-9-2,soursaloon@aol.com,2975524,South America,2
Barbarous Someplace,2015-4-24,Earlyfrown@aol.com,4180365,CIS,2
Cooing Moron,2012-5-14,muddyco-producer@hotmail.com,2567244,China,2
Loose Recommendation,2007-6-6,panoramicberet@yahoo.com,1630466,CIS,3
Cruel Good,2015-7-22,rattytentacle@hotmail.com,126871,China,3
Cooing Innocent,2017-12-19,teenyfootprint@gmail.com,7417483,Europe,1
Boundless Modernity,2013-12-26,aromaticlender@hotmail.com,8806684,South Africa,4
Puzzled Mug,2013-4-9,heavenlybin@mail.com,25635,CIS,2
Lackadaisical Secrecy,2006-3-13,flawlessworshiper@gmail.com,5154632,CIS,3
Evil Scholarship,2019-9-22,squeamishfragrance@aol.com,2281374,South America,2
Illegal Sprinter,2013-10-7,royalcard@yahoo.com,935774,China,3
Wary Spill,2016-1-16,friendlyregret@aol.com,3597651,CIS,4
Trite Gladiolus,2018-4-3,slowpianist@mail.com,694567,Europe,4
Woebegone Living,2013-3-25,noxioustypeface@gmail.com,5704080,Australia,3
Fortunate Dollar,2007-10-28,peacefulsnowflake@yahoo.com,8879354,SE Asia,4
Thirsty Sushi,2013-2-14,irateexpertise@yahoo.com,1495225,South Africa,4
Halting Tailor,2017-6-12,solidhill@mail.com,6984031,Australia,4
Lethal Redirect,2015-1-14,breezycorral@hotmail.com,6316592,South America,1
Painstaking Standardization,2011-5-26,godlytrick@aol.com,2520569,Europe,4
Agreeable Cooperation,2014-10-16,woebegoneseaside@mail.com,1473375,North America,3
Invincible Purple,2005-4-27,uglytaxpayer@mail.kz,7938551,North America,1
Wide-Eyed Trousers,2018-7-6,rampantconditioner@yahoo.com,1219958,China,1
Dry Malnutrition,2018-12-15,high-pitchedclarinet@aol.com,7297316,SE Asia,4
Afraid Pressurisation,2005-3-21,rebelliousfedelini@aol.com,7376179,South Africa,2
Debonair Handle,2005-9-9,weaksnow@gmail.com,8989624,South Africa,3
Mushy Pancreas,2005-12-7,oldprevalence@mail.com,5686958,South Africa,2
Absurd Underpants,2017-8-20,purplerestoration@hotmail.com,7900852,SE Asia,2
Illegal Execution,2008-2-25,zealousjustification@aol.com,3492613,SE Asia,3
Efficacious Stitch,2021-12-4,idioticbatter@mail.kz,1480547,China,2
Determined Tug,2012-10-24,lazydisconnection@gmail.com,6240727,South Africa,3
Obscene Legal,2006-5-21,bizarrematrix@aol.com,7517574,CIS,3
Curly Nose,2009-10-21,illdivan@mail.com,6415744,South Africa,1
Aggressive Escape,2010-11-22,bashfulbillion@aol.com,9349559,South Africa,4
Red Violation,2009-5-5,gorgeousrecording@aol.com,6943421,CIS,2
Zippy Mileage,2016-6-18,callousscimitar@mail.com,5075925,Australia,3
Level Lung,2011-5-21,utterscrap@hotmail.com,4025141,SE Asia,3
Shrill Shortage,2021-8-1,damptowel@yahoo.com,9004111,South Africa,4
Absorbed Divan,2010-6-25,inconclusiverelationship@aol.com,9770955,CIS,2
Astonishing Membrane,2012-12-9,supercost@gmail.com,7974165,Australia,3
Garrulous Strife,2021-7-27,uncoveredsite@yahoo.com,5227814,Europe,2
Sable Sow,2010-12-14,womanlyapricot@mail.com,8613352,CIS,4
Disturbed Strike,2006-10-24,yieldingpopulist@mail.kz,7181588,China,4
Upset Interface,2018-4-26,hugeheel@yahoo.com,4885091,South Africa,2
Fallacious Runway,2014-1-22,astonishingdepot@gmail.com,9066520,Australia,1
Concerned Reluctance,2019-3-14,languidlaptop@mail.kz,4078000,Australia,2
Misty Meatloaf,2017-11-25,diligentfrock@gmail.com,7683202,South America,4
Rhetorical Towel,2012-6-19,direfulcause@mail.kz,964633,Australia,2
Jagged Detention,2021-3-13,defianttransformation@yahoo.com,455087,Australia,4
Agreeable Inhabitant,2014-7-17,yummywampum@yahoo.com,7747905,North America,1
Shivering Acquisition,2017-11-25,disgustedworkhorse@mail.com,4887936,South Africa,3
Deeply Kangaroo,2019-6-5,uppitymini-skirt@hotmail.com,4286718,Australia,2
Wild Expansionism,2017-10-6,testyretrospect@gmail.com,4297141,South America,3
Mature Favorite,2020-8-24,steadfastoperating@gmail.com,3998730,Australia,4
Exultant River,2014-9-2,rottendriver@aol.com,1776398,Europe,2
Busy Puma,2021-3-11,excitedhygienic@yahoo.com,1688542,Australia,1
Aromatic Finance,2008-10-6,apatheticfeedback@mail.kz,5978414,Europe,2
Icky Attachment,2014-2-13,franticco-producer@mail.kz,4137408,South America,1
Equable Resolution,2005-4-14,judiciousdibble@mail.kz,693221,South America,1
Knowledgeable Amber,2019-5-7,sableaside@yahoo.com,5071357,Australia,3
Gigantic Geranium,2015-3-5,hilariousrhetoric@mail.com,1654318,Australia,3
Tricky Radish,2014-7-11,impossiblecauliflower@mail.com,3805432,China,2
Spurious Counter-Force,2016-7-11,pumpedpursuit@mail.com,3584683,South America,2
Obsolete Marketing,2017-4-9,cageymovie@hotmail.com,3916377,South Africa,2
Easy Falling-Out,2006-12-9,chivalrousleaver@hotmail.com,4209521,South Africa,2
Colossal Bankbook,2018-7-9,longchoice@aol.com,8550230,South Africa,4
Noiseless Underground,2017-1-25,unbecomingpoultry@yahoo.com,7717854,South Africa,2
Shrill Pinecone,2005-7-23,blackpail@aol.com,6511290,CIS,1
Rotten Shelf,2008-10-9,feignedwallaby@hotmail.com,1862248,CIS,2
Royal Alloy,2007-12-10,abashedmaelstrom@mail.com,2831608,Australia,2
Glib Alloy,2007-3-2,swankycraw@hotmail.com,45379,South Africa,3
Idiotic Spider,2016-5-18,overconfidentthreat@yahoo.com,6518369,China,4
Scandalous Sack,2017-7-4,politicalcombination@gmail.com,7950158,Australia,1
Alive Motorcycle,2013-12-5,adaptablesavory@hotmail.com,7087905,Australia,1
Annoyed Extent,2009-5-19,muddledboudoir@mail.com,7469783,South Africa,3
Miniature Goldfish,2005-5-28,bloodyluncheonette@aol.com,2695809,CIS,1
Godly Cuisine,2005-12-19,hurriedimmigration@mail.kz,8279288,China,3
Null Wildlife,2020-10-15,stakingsleet@hotmail.com,2522640,China,2
Wiry Hawk,2007-5-9,comfortablefighter@yahoo.com,7961755,South America,4
Tearful Unibody,2016-8-23,littleturnstile@gmail.com,8903895,South Africa,2
Mysterious Bottling,2009-11-1,brokenhundred@mail.kz,2093714,Australia,1
Shy Upstairs,2009-12-27,looseco-producer@gmail.com,7552700,Australia,3
Chilly Neighborhood,2015-8-22,purringcelery@mail.com,447747,Europe,1
Cloistered Dirndl,2013-10-16,swelteringjaw@aol.com,9646949,China,2
Vengeful Fashion,2014-2-16,rhetoricalstand@hotmail.com,9695743,SE Asia,2
Fertile Capon,2019-11-18,tightsphere@aol.com,2033237,Australia,2
Flawless Deviance,2009-10-25,earsplittinginflation@yahoo.com,7015995,South Africa,3
Smoggy Entrance,2019-8-9,highordination@mail.com,9374013,South Africa,3
Fierce Lettuce,2009-11-28,iratepresidency@aol.com,7884299,CIS,1
Obscene Coaster,2015-7-26,understoodmakeup@aol.com,4825304,China,2
Innocent Pelt,2020-10-24,abidingrelay@aol.com,4732604,CIS,1
Vengeful Closing,2013-5-17,adjoiningmaintenance@yahoo.com,4762214,Australia,3
Sore Geometry,2009-12-10,wanderingportrait@yahoo.com,4136312,North America,2
Zonked Misplacement,2012-8-12,silentpress@mail.com,9977428,China,4
Steadfast Invite,2009-5-26,disillusionedgang@mail.com,7245849,North America,4
Foregoing Interaction,2007-10-8,disagreeablededuction@yahoo.com,757255,Australia,2
Reminiscent Duck,2020-3-10,premiumattack@aol.com,2566819,China,3
Yielding Jot,2018-9-12,lovelyconversation@mail.kz,4304348,Australia,2
Divergent Vibraphone,2018-6-2,testedengineering@aol.com,2845729,South Africa,4
Amuck Beauty,2020-7-10,instinctivemodem@aol.com,8515211,CIS,4
Obedient Emission,2007-2-24,parchedbonnet@aol.com,3568677,South Africa,3
Bewildered Mochi,2012-3-27,chivalrouswarlock@mail.kz,3255072,Australia,1
Spectacular Shopper,2012-4-7,secretivecommercial@aol.com,689571,Europe,1
Deadpan Soap,2009-3-14,livelyknife@yahoo.com,5122804,China,2
Gifted Frigate,2009-11-12,thankfuldanger@aol.com,3651423,SE Asia,1
Murky Lab,2005-5-10,righteouskite@yahoo.com,4287193,CIS,1
Brave Thong,2009-7-17,obsoletebog@hotmail.com,7052619,China,3
Lethal Deviation,2011-8-19,possessivegrey@mail.com,4505244,South America,1
Alive Panel,2008-8-26,freezingzinc@mail.kz,750937,CIS,2
Ashamed Keep,2017-7-1,silentdensity@mail.com,799477,Australia,2
Dead Hexagon,2020-1-5,shaggypair@mail.com,2264954,China,1
Utter Religion,2013-12-11,oafishdetective@yahoo.com,284060,Australia,2
Wet Hide,2011-11-19,placidreporting@hotmail.com,7484740,SE Asia,1
Protective Cymbal,2007-10-6,loosejury@yahoo.com,3297875,South America,4
Innocent Fortnight,2006-1-8,ablazetobacco@mail.com,8642131,South America,4
Stereotyped Greens,2021-8-5,loutishhutch@gmail.com,8541949,China,4
Devilish Pattern,2014-12-10,wrongmoccasins@mail.kz,7108985,South America,4
Adaptable Posterior,2010-8-1,dangeroushound@hotmail.com,7539573,South Africa,2
Yummy Conception,2014-8-14,pumpedrestriction@gmail.com,7486627,South Africa,1
Cloistered Turn,2006-4-3,unusualclarity@hotmail.com,6185412,Australia,3
Terrible Winter,2021-7-27,absorbedarmpit@yahoo.com,5944324,South Africa,4
Repulsive Shanty,2016-9-16,onerousreadiness@yahoo.com,975917,CIS,4
Unaccountable Bidding,2013-5-5,depressedunderground@mail.com,1333037,South Africa,4
Cold Brocolli,2008-4-3,broadplenty@mail.kz,4037209,Europe,2
Classy Temporary,2010-12-22,quaintfold@yahoo.com,7678629,Australia,4
Unadvised User,2021-1-12,testedretrospective@mail.kz,12901,China,2
Plausible Sunroom,2020-6-21,brainyword@gmail.com,489001,North America,1
Jumpy Associate,2021-5-3,snobbishmarksman@mail.kz,6904923,CIS,3
Satisfying City,2010-11-21,pricklyboard@mail.com,8230391,China,3
Mushy Guard,2019-11-23,blushingharpooner@aol.com,2151978,Europe,1
Roomy Unemployment,2012-8-23,sordidgemsbok@mail.com,7609872,South Africa,2
Adhesive Occurrence,2014-3-9,wanderingage@mail.com,4949025,Europe,3
Bizarre Mouth,2019-11-28,astonishingglimpse@yahoo.com,2021018,South Africa,3
Silly Earmuffs,2005-12-20,motionlesspoppy@hotmail.com,830496,Australia,3
Frail Instinct,2006-12-22,cautiousgraphic@hotmail.com,6083191,South Africa,2
Brainy Gerbil,2009-2-2,ignorantquinoa@mail.com,5488766,South America,1
Excited Behavior,2015-11-5,squalidpopcorn@gmail.com,6540623,China,1
Wholesale Arch,2015-3-18,workablegrace@hotmail.com,5299158,Australia,1
Cold Primate,2014-3-17,defeatedperp@aol.com,5574269,China,4
Glamorous Pie,2012-8-26,overwroughtferryboat@aol.com,5800041,South America,4
Slow Teacher,2008-6-6,anxiouskangaroo@mail.kz,3136009,South America,3
Stimulating Brisket,2011-12-1,boundlesslemur@yahoo.com,3992826,North America,2
Abrasive Tobacco,2005-12-18,temporaryhelicopter@yahoo.com,3172058,China,3
Victorious Vitamin,2012-9-20,adventurousabacus@aol.com,4673942,South America,4
Abject Silkworm,2018-12-22,understoodtragedy@mail.kz,2222512,Australia,1
Blushing Trace,2018-3-11,damagedlanding@yahoo.com,8751379,SE Asia,2
Handsome Jerk,2016-6-18,discreetcouncilperson@mail.com,1024473,South America,3
Standing Pipeline,2010-8-25,purringsting@mail.kz,1155538,Australia,1
Hurt Chime,2020-2-19,gustyracist@yahoo.com,6708041,Europe,2
Scarce Supporter,2017-6-10,wiryrequirement@mail.com,3656054,China,3
Sneaky Marines,2013-1-3,naughtytradition@hotmail.com,9030619,North America,1
Wholesale Idiot,2018-2-12,ruddyformal@hotmail.com,9528591,South Africa,2
Illegal Outlay,2015-10-28,wackymukluk@aol.com,1261125,CIS,4
Precious Forearm,2017-9-25,ludicrousfratricide@aol.com,9100886,CIS,4
Frail Salesman,2019-1-19,hugeroller@gmail.com,7064415,SE Asia,4
Teeny Verb,2016-9-3,snottytolerant@yahoo.com,105239,SE Asia,3
Soggy Theft,2021-10-6,overjoyedhive@mail.com,7268533,South Africa,3
Terrible Pupa,2009-2-25,learneddreamer@mail.kz,5832519,China,3
Jobless Chivalry,2016-6-5,ripeinterviewer@mail.kz,8055200,North America,3
Seemly Cliff,2013-10-22,petitecoleslaw@aol.com,1880694,Europe,4
Unaccountable Vegetarian,2010-6-16,ovalwedge@mail.com,9384082,CIS,4
Teeny Frigate,2005-11-27,luxuriantpineapple@yahoo.com,1240870,South Africa,1
Aberrant Iceberg,2005-7-25,gamydeveloping@gmail.com,1250885,CIS,2
Yellow Screwdriver,2017-4-22,glibanticipation@mail.com,2036107,SE Asia,4
Ludicrous Workforce,2009-5-21,petitecrush@gmail.com,3208281,South Africa,2
Overwrought Monotheism,2015-5-1,berserkenforcement@yahoo.com,1598513,China,3
Knowing Evaporation,2015-6-3,scintillatingendpoint@mail.com,8523942,South Africa,4
Psychotic Trout,2021-3-15,tangiblecafe@aol.com,2898200,CIS,3
Evil Spending,2015-6-9,habitualrainmaker@mail.kz,3565637,SE Asia,2
Gabby Barbiturate,2014-6-2,lazyosmosis@gmail.com,9289934,North America,2
Adorable Chaise,2017-5-9,resoluteevidence@mail.kz,1732036,South America,3
Large Metaphor,2020-11-27,oceanicfrenzy@gmail.com,1108965,CIS,1
Soft Realm,2008-11-27,cooperativehomogenate@mail.com,4434591,South Africa,4
Obtainable Analyst,2016-4-11,exultantdogwood@hotmail.com,5728158,Europe,1
Omniscient Bite,2010-7-10,steeprubbish@mail.kz,8965983,SE Asia,1
Accessible Warlord,2016-10-24,weeterritory@aol.com,8806793,CIS,3
Abstracted Candidate,2013-2-26,rabidmoonscape@aol.com,4949658,South Africa,3
Gamy Affinity,2005-3-24,purpleworkplace@mail.com,6754719,SE Asia,2
Dry Haze,2015-9-10,suprememountain@aol.com,5545481,Europe,3
Abundant Dynamics,2018-6-6,dryrice@gmail.com,226370,Australia,1
Attractive Sister,2015-8-9,receptivesanctity@gmail.com,7261141,Australia,1
Daffy Mantle,2006-6-5,excellentreference@mail.kz,1591384,Europe,3
Addicted Quantity,2013-12-23,rusticempire@mail.com,5637709,Europe,2
Hellish Former,2007-6-2,narrowspotlight@aol.com,2712208,Australia,1
Annoying Chapter,2017-3-2,steadyincense@hotmail.com,74808,SE Asia,1
Magnificent Playground,2018-2-19,slowuncle@hotmail.com,9237882,China,2
Unsightly Prairie,2008-1-11,heavybutler@mail.com,3263707,South America,4
Grotesque Rhythm,2010-9-26,cheerfulalmighty@aol.com,2963541,South Africa,4
Axiomatic Bacon,2019-9-18,obscenefamiliar@yahoo.com,2245870,CIS,4
Hapless Goodwill,2010-9-12,agonizingostrich@mail.kz,4744217,SE Asia,4
Wide Folklore,2010-4-23,jumpydescription@yahoo.com,2236247,China,4
Motionless Catacomb,2014-6-9,attractivecinnamon@hotmail.com,4603738,Australia,1
Tangy Pupa,2015-11-19,jealousvenue@aol.com,3601348,South America,3
Disagreeable Geology,2019-2-7,inconclusivehandover@mail.kz,1205607,North America,1
Abject Leptocephalus,2005-3-26,hystericalfield@hotmail.com,5839533,North America,3
Tightfisted Fallacy,2021-4-17,deepoar@yahoo.com,1595099,CIS,3
Encouraging Brother,2021-12-2,voraciousantelope@mail.kz,2744351,South America,3
Gamy Max,2018-4-2,stormytreat@gmail.com,8779421,North America,1
Aboard Recording,2017-8-1,giftedalfalfa@hotmail.com,3722066,CIS,2
Ahead Neglect,2010-5-25,screechingperfume@yahoo.com,7239906,South Africa,4
Divergent Barber,2019-1-8,shaggyreboot@gmail.com,1763843,Europe,2
Tranquil Chino,2005-7-5,royalgreat-grandfather@mail.kz,5429890,Europe,4
Idiotic Suck,2020-7-13,subduedguilty@mail.kz,291794,Europe,1
Healthy Placode,2014-8-27,cuteformal@gmail.com,6498791,China,1
Resolute Trust,2007-6-1,stormymeet@aol.com,3549324,CIS,3
Obnoxious Polish,2005-5-12,incompetentsettlement@mail.com,2694368,South Africa,2
Watery Position,2019-12-17,heartbreakingray@yahoo.com,4885665,Australia,4
Successful Timing,2018-1-26,goofyfamiliar@yahoo.com,3260815,South Africa,4
Meek Surfboard,2010-8-8,deepseverity@mail.com,8426859,Australia,1
Rapid Concentration,2009-2-1,stimulatingepee@mail.kz,4012344,Europe,1
Robust Barium,2005-12-20,fluffyheadphones@yahoo.com,2893620,South Africa,4
Lethal Termite,2006-3-9,cleverrope@gmail.com,1583080,Europe,2
Racial Floor,2015-10-16,obtainablebrilliant@mail.kz,9820454,Europe,2
High Club,2011-7-18,trickyfen@aol.com,4839002,China,1
Pointless Salesman,2010-2-19,soggymarket@mail.kz,607504,CIS,1
Merciful Metronome,2013-4-7,profuseimagination@mail.com,6685051,Europe,1
Efficient Folklore,2012-3-24,naivelaughter@hotmail.com,4757882,North America,4
Godly Many,2015-11-8,halfsmoke@aol.com,9692658,North America,1
Tacky Tail,2013-9-6,stakingbrandy@gmail.com,8971365,Europe,2
Righteous Contract,2015-2-8,repulsivereconsideration@hotmail.com,3320607,SE Asia,1
Symptomatic Slider,2011-12-22,uppityvermicelli@aol.com,5200168,China,3
Victorious Color,2021-9-5,foamybush@gmail.com,6191868,Europe,4
Pleasant Nasal,2016-4-4,perfectcontribution@yahoo.com,2431075,China,1
Malicious Meal,2019-8-12,elegantconclusion@yahoo.com,6402696,Europe,1
Mindless Screen,2020-4-13,purringatelier@mail.com,8456382,South America,3
Vigorous Minibus,2014-9-3,breakableeveryone@yahoo.com,7120051,North America,2
Puny Riverbed,2015-7-13,wickedluncheonette@gmail.com,6965602,Australia,4
Nonchalant Circuit,2016-11-17,aquaticvolatility@mail.com,6425365,Europe,2
Pumped Rim,2015-2-21,tiresomeroom@mail.kz,6924378,Europe,3
Murky Dolman,2006-8-19,greedyorientation@hotmail.com,3291275,Europe,1
Voiceless Class,2020-1-15,miniaturekitty@gmail.com,3296353,Australia,1
Resonant Partridge,2018-3-4,condemnedsneakers@aol.com,5743597,Europe,1
Sassy Hypothesis,2015-7-24,momentouspop@aol.com,3980389,South Africa,2
Assorted Bookend,2008-3-24,muddydetention@yahoo.com,5285112,SE Asia,2
Mindless Shaw,2015-8-9,magnificentoverload@gmail.com,9058286,CIS,3
Majestic Secret,2007-8-3,childlikediscretion@hotmail.com,1684757,Australia,4
Overconfident Shampoo,2006-9-27,sassygang@mail.com,8924340,South Africa,4
Unusual Gauntlet,2008-12-8,soggylunchmeat@hotmail.com,8181595,SE Asia,1
Forgetful Warlord,2010-5-7,abhorrentdrawing@mail.com,6318798,South America,2
Abandoned Reinscription,2018-12-11,ickytrash@aol.com,9579847,Australia,2
Uttermost Condominium,2021-5-1,jealousjustification@mail.kz,7857196,China,3
Voiceless Stretch,2019-2-21,sillyfamiliarity@hotmail.com,6263530,SE Asia,1
Earthy Edible,2011-1-21,inquisitiveviscose@gmail.com,4855083,South America,4
Ugly Complex,2017-5-7,mindlessharpooner@mail.kz,6325658,South America,4
Mundane Mirror,2010-12-16,hollowsatisfaction@aol.com,4317191,Europe,2
Aspiring Bumper,2014-10-26,feignednestling@aol.com,89253,North America,3
Hospitable Arithmetic,2007-8-6,domineeringadjective@mail.com,8335197,SE Asia,3
Sincere Disclaimer,2012-3-18,skinnyartist@gmail.com,5558613,South America,3
Bizarre Pail,2006-9-20,calmstroke@hotmail.com,6609811,SE Asia,3
Sordid Payment,2019-1-25,illustriousprize@mail.com,899049,South Africa,4
Illegal Burrow,2017-8-23,highslang@mail.kz,8555091,South America,4
Victorious Creme Brulee,2016-10-22,aspiringbooklet@mail.kz,1905956,CIS,1
Volatile Pansy,2010-2-19,snobbishaggradation@gmail.com,2489504,South Africa,2
Momentous Jicama,2020-3-15,didacticfillet@gmail.com,7026156,China,4
Homely Drunk,2012-3-10,gabbycheque@aol.com,7989942,South Africa,2
Massive Lane,2016-12-22,upbeatcaptor@yahoo.com,9670924,China,2
Fine Potato,2017-11-4,stimulatinglay@gmail.com,1128274,South America,1
Animated Retirement,2011-2-21,strongmama@aol.com,4237300,South Africa,2
Miniature Background,2012-6-21,lamentabledoctorate@aol.com,1320420,China,2
Murky Knitting,2019-7-10,headypeacock@aol.com,5948371,Australia,3
Shallow Chicken,2014-4-25,dirtyraid@gmail.com,2511656,South Africa,2
Grubby Breakthrough,2009-10-22,upsetdentist@mail.kz,4860421,Australia,4
Unsightly Belly,2021-12-25,quackcashew@hotmail.com,7708157,SE Asia,2
Happy Disconnection,2014-4-22,mundanecooking@mail.com,7996927,CIS,1
Succinct Curd,2017-2-22,daffyheirloom@mail.kz,8090363,SE Asia,1
Therapeutic Silk,2020-3-25,tastefulcurler@hotmail.com,1969347,South Africa,4
Ugly Epoxy,2007-8-5,jumbledtailspin@yahoo.com,1291837,SE Asia,2
Decisive Kayak,2015-8-11,ruddyson@mail.kz,4691993,South Africa,4
Obscene Synergy,2006-2-14,smellyreality@hotmail.com,7450241,China,4
Deafening Incentive,2020-10-5,innateimmigrant@gmail.com,7438930,South America,1
Panicky Eicosanoid,2013-7-14,erraticsymbol@yahoo.com,9117082,CIS,4
Ordinary Armpit,2005-11-17,spicycoast@mail.kz,9039332,SE Asia,1
Overt Piano,2008-12-8,foamyrocker@hotmail.com,6920503,SE Asia,1
Immense Soliloquy,2015-12-24,helpfulomission@yahoo.com,7226605,SE Asia,3
Giant Copywriter,2012-9-22,oceanicessence@hotmail.com,1871375,Europe,2
Hysterical Beret,2011-1-9,capriciousquestionnaire@gmail.com,181193,SE Asia,1
Helpful Smock,2006-4-25,noisyboatyard@mail.kz,8624748,CIS,3
Distinct Trace,2021-7-4,unadvisedsoftball@mail.kz,3160276,South Africa,1
Wild Peripheral,2005-7-23,swankywhite@mail.com,9049963,Australia,3
Furtive Lime,2017-12-26,heartbreakingcaliber@mail.kz,4457730,South America,3
Fluffy Display,2014-3-5,gustytrouble@mail.com,3233946,CIS,4
Deadpan Yogurt,2014-2-9,beautifulspank@mail.com,4363682,Australia,4
Undesirable Fabric,2016-10-21,arrogantmessy@mail.kz,7056465,Australia,4
Foamy Downtown,2005-5-24,phobicbehest@aol.com,8810618,South America,2
Succinct Debt,2005-8-6,onerousstadium@mail.com,6404060,CIS,2
Cooing Clank,2010-7-27,curiousyolk@gmail.com,1868772,SE Asia,4
Roomy Moonscape,2008-12-15,belligerentphosphate@yahoo.com,4094634,Australia,2
Courageous Dealing,2012-7-2,boilingyawl@gmail.com,8413839,North America,2
Kind Mammoth,2017-11-3,didacticforage@hotmail.com,7157464,South America,1
Noxious Pith,2012-1-11,machoburrow@mail.com,2955819,SE Asia,3
New Eurocentrism,2012-10-26,flipped-outrationale@mail.kz,3498468,Europe,1
Jittery Rationale,2005-2-23,chillyadministrator@aol.com,8993765,CIS,1
Horrible Creche,2012-11-11,boilingcourse@yahoo.com,7363568,South Africa,2
Hypnotic Mukluk,2009-10-22,parsimonioushyacinth@mail.kz,6909687,CIS,3
Eatable Loquat,2019-9-18,prettymenopause@aol.com,1024505,South America,2
Economic Recreation,2021-9-15,quixoticthigh@yahoo.com,4224562,CIS,2
Animated Wrestler,2011-11-6,smoggycyclone@hotmail.com,7805434,South America,4
Hissing Final,2012-3-15,stickylabour@mail.kz,2877462,South Africa,3
Capable Boatload,2009-9-14,machounderpants@mail.com,4136741,Australia,1
Silly Slavery,2012-12-27,colossalpug@mail.kz,4645693,CIS,1
Nonchalant Solidity,2020-5-20,wickedex-wife@aol.com,2835075,South Africa,4
Omniscient Penalty,2012-11-14,debonairsnuggle@aol.com,2355789,CIS,3
Billowy Volcano,2013-1-2,tenuouspickax@yahoo.com,4275424,South America,2
Ludicrous Toque,2012-6-22,spiffybriefing@mail.com,9808016,CIS,4
Languid Prosecution,2008-6-19,direfuloutlaw@yahoo.com,3481947,CIS,2
Fallacious Explorer,2017-12-13,moldydrum@aol.com,3054689,North America,3
Numberless Sequence,2006-3-23,annoyedgame@gmail.com,2921950,South Africa,2
Hushed Privilege,2016-2-23,lackadaisicalstew@yahoo.com,9232531,Australia,1
Astonishing Radiosonde,2011-10-15,preciousstraw@yahoo.com,5939678,South America,4
Puzzled Gym,2015-11-15,dampvegetarian@yahoo.com,9186424,North America,3
Yielding Gaffe,2012-8-1,terriblepantology@mail.com,2581991,SE Asia,3
Disagreeable Digestion,2010-3-16,devilishclave@mail.com,1728506,China,3
Strong Path,2008-9-14,adhesivemain@yahoo.com,2396649,China,3
Unusual Corporation,2018-10-22,cooperativeeffect@hotmail.com,1034118,SE Asia,1
Oceanic Pilgrimage,2019-12-17,economicpinecone@gmail.com,810062,South Africa,4
Guiltless Kiwi,2014-6-19,boredcayenne@hotmail.com,6144447,North America,4
Abject Directory,2006-7-15,alcoholiceconomics@hotmail.com,1427915,CIS,4
Phobic Ruler,2005-9-26,numberlesslocal@gmail.com,1332145,CIS,3
Childlike Tough-Guy,2005-4-21,imperfectfaith@gmail.com,2654889,Australia,3
Helpless Cash,2012-5-16,haplessdisability@mail.com,7417695,South Africa,4
Learned Freezer,2015-4-20,acceptablecrawdad@gmail.com,1439231,China,2
Mere Divine,2006-3-18,unsuitableanthropology@hotmail.com,7919491,North America,4
Hollow Echidna,2007-5-20,aquaticset@mail.kz,3595337,China,3
Quaint Plowman,2017-2-27,flowerysalad@mail.com,7592731,North America,2
Resonant Object,2020-11-21,squealingtune-up@mail.kz,8384025,South Africa,2
Breakable Impudence,2005-10-13,silentcostume@gmail.com,1591807,China,1
Chilly Reclamation,2006-5-6,economiccorps@hotmail.com,4756861,CIS,4
Energetic Raspberry,2019-6-4,tartlist@mail.com,5136788,CIS,1
Curly Mode,2008-4-21,reminiscentmallet@aol.com,1270792,North America,3
Marked Spawn,2008-8-18,incompetentfiner@mail.com,291092,South America,1
Didactic Convertible,2018-9-4,teenylocket@gmail.com,3503410,CIS,2
Sloppy Lottery,2021-1-1,shaggyseverity@hotmail.com,675396,Australia,4
Hot Coach,2007-7-16,harmoniousfetus@hotmail.com,2497164,North America,4
Venomous Kid,2013-9-21,frightenedengine@mail.kz,4849016,SE Asia,3
Thankful Scooter,2009-6-16,workablegang@yahoo.com,9111527,Australia,4
Tough Liquor,2013-2-26,variousicicle@gmail.com,2880443,South America,4
Sore Kazoo,2016-10-11,quizzicalaccident@aol.com,8649023,SE Asia,3
Happy Estrogen,2012-10-3,cuddlyturf@gmail.com,543781,South Africa,3
Forgetful Damage,2018-8-11,pricklytomb@mail.com,4349452,Australia,1
Obnoxious Lay,2015-1-19,tansupport@aol.com,9372873,Europe,2
Quickest Accelerator,2006-5-9,meeklover@gmail.com,1207052,South Africa,1
Magenta Airship,2010-6-12,materialistictug@mail.kz,9024467,South Africa,3
Evil Artifact,2010-8-19,boilingoboe@yahoo.com,3454941,China,3
Guarded Shaw,2011-5-18,alooflegitimacy@mail.kz,6164161,North America,1
High Technology,2016-4-20,deeplyecology@hotmail.com,4666007,Europe,1
Obsolete Reduction,2007-10-7,wittysurgery@yahoo.com,8395471,Europe,4
Instinctive Curd,2007-9-15,seemlyexample@gmail.com,5386706,China,3
Innate Macadamia,2005-1-7,maturecane@mail.kz,5839809,SE Asia,1
Bewildered Hydrolyse,2017-10-21,miscreantcatalogue@mail.com,6757288,China,1
Heavenly Team,2018-9-3,laughabledress@hotmail.com,7293455,Australia,1
Salty Supreme,2011-7-15,optimallava@hotmail.com,44158,CIS,4
Oceanic Vase,2008-10-2,smoothchorus@mail.com,1748415,South Africa,1
Hurried Approval,2014-5-19,understoodring@mail.kz,3048927,CIS,1
Helpless Week,2014-1-3,agreeablelever@gmail.com,3401512,China,2
Lavish Pocket-Watch,2018-11-27,hospitablespecification@yahoo.com,5448331,South America,4
Agreeable Puppet,2020-10-10,ovalpillar@yahoo.com,8540530,Australia,1
Inquisitive Pink,2008-11-19,utopiangrandson@mail.com,5500262,Australia,3
Alert Sniffle,2006-6-5,patheticdrapes@aol.com,1423357,Europe,4
Frail Seashore,2013-6-21,temporaryreality@gmail.com,4030539,North America,3
Festive Severity,2010-12-21,redabdomen@yahoo.com,7351892,CIS,3
Pretty Lady,2005-11-25,machowoman@aol.com,4822197,South America,2
Wrong Prefix,2020-9-20,fancyswimming@hotmail.com,8954950,SE Asia,3
Clammy Placement,2006-8-24,enthusiasticcurve@yahoo.com,5066284,South America,4
Offbeat Slot,2008-8-2,crookedbagel@hotmail.com,4086797,Australia,4
Late Shape,2018-2-13,lamentablebeard@yahoo.com,3645900,Australia,1
Pathetic Tuber,2010-1-2,raspymarriage@aol.com,1268712,SE Asia,2
Super Nectar,2014-9-17,sloppytuber@gmail.com,8438312,Europe,2
Enchanting Gel,2016-7-19,abrasiveviolin@aol.com,597199,SE Asia,1
Cute Hammock,2016-4-26,pluckyeffectiveness@mail.kz,7287958,South America,1
Possessive Commotion,2019-5-6,defeatedbelt@hotmail.com,7519730,South Africa,2
Boundless Lunchmeat,2006-4-13,perfectpear@mail.kz,1685247,SE Asia,1
Macho Tray,2015-8-2,gustyoffset@hotmail.com,1055918,South America,1
Freezing Incompetence,2011-1-16,shallowclavier@aol.com,7902479,Europe,3
Filthy End,2018-12-4,matureterror@gmail.com,4571295,CIS,2
Cruel Character,2005-11-11,productivehalibut@mail.kz,6260783,South America,1
Alluring Tip,2007-6-3,makeshiftorientation@aol.com,8803272,South America,4
Panoramic Query,2010-12-22,politicalbeing@mail.kz,2531414,CIS,3
Auspicious Learning,2007-12-6,fluffydetainment@aol.com,9761146,SE Asia,1
Naive Sub,2012-6-11,abrasivefigurine@aol.com,8468270,North America,4
Cuddly Grasshopper,2016-6-27,abaftabsence@gmail.com,4458652,North America,2
Tart Birch,2008-11-6,rainybrewer@hotmail.com,3908519,South Africa,2
Mature Raccoon,2021-12-25,drunkbee@yahoo.com,805696,Australia,2
Muddy Taco,2005-10-18,importantlaparoscope@yahoo.com,3417011,SE Asia,4
Nutritious Ruler,2013-3-18,jumpydebris@yahoo.com,2995409,CIS,1
Repulsive Defender,2005-7-10,painstakingalgebra@mail.com,2125382,South America,3
Few Narrative,2009-12-15,ad hocmolar@gmail.com,7960760,SE Asia,4
Minor Accommodation,2009-4-24,easyhybridization@yahoo.com,6017146,South America,4
Attractive Boutique,2006-11-4,wisepumpkinseed@mail.com,3355600,CIS,2
Swift Simple,2018-6-13,slimycasualty@mail.kz,9701948,Europe,4
Damaging Breastplate,2018-8-14,lyinglist@mail.com,2831574,Europe,3
Low Graduate,2006-4-21,gutturalpantyhose@mail.com,5476367,South America,4
Tangy Cross-Contamination,2007-10-21,sordidconvertible@yahoo.com,8320400,CIS,1
Wise Chard,2007-1-20,unequaledlegal@hotmail.com,3455424,China,3
Lewd Shawl,2020-10-18,proudwind@yahoo.com,8146402,China,3
Ratty Redesign,2007-10-28,clearwombat@aol.com,4330103,China,4
Fair Founder,2014-3-9,gustyoffence@mail.com,7634395,SE Asia,2
Glorious Inhabitant,2007-12-7,voicelessmorphology@hotmail.com,6391434,CIS,2
Brawny Truck,2007-7-22,wastefulsepticaemia@mail.com,1025515,South Africa,3
Highfalutin Recommendation,2016-7-10,politicalmoody@gmail.com,8005227,North America,4
High-Pitched Classic,2008-1-12,fadedwet-bar@aol.com,4014955,SE Asia,2
Accurate Stone,2018-1-3,preciouslimit@mail.kz,4345818,North America,4
Giant Parrot,2017-6-17,supernoir@gmail.com,7481623,Europe,2
Jittery Reject,2015-9-26,iratemoron@mail.com,5352569,CIS,3
Unbiased Pollution,2010-9-21,auspicioussurprise@mail.kz,6632546,CIS,4
Moldy Backyard,2016-9-27,wealthyimpulse@aol.com,9523135,Australia,4
Succinct Mayor,2016-1-18,didacticland@gmail.com,8900028,South Africa,2
Knotty Pyramid,2014-1-25,ad hocsmell@aol.com,3034452,South Africa,4
Long Campus,2018-2-4,fairambiguity@aol.com,6048662,South Africa,1
Muddy Balalaika,2009-5-24,macabreswordfish@yahoo.com,8718716,Australia,2
Stingy File,2011-4-2,breezypatina@mail.kz,6794200,CIS,2
Slimy Inequality,2012-5-9,organicfun@yahoo.com,8760637,Australia,3
Amuck Exchange,2011-2-2,questionablecommitment@mail.kz,4223084,North America,3
Old-Fashioned Repository,2008-1-10,abandonededger@mail.kz,3089584,CIS,2
Alcoholic Webpage,2008-1-16,perpetualnightmare@mail.com,1596766,Australia,1
Fluttering Contest,2019-12-15,lightoverview@hotmail.com,496691,South America,4
