Utter Ladder,1,14648000,2009-4-26,21,2400,Ocala
Miscreant Minor,1,39130000,2005-12-17,30,500,Normal
Supreme Ladder,3,30704000,2020-3-16,14,1400,Roanoke
Nauseating Ladder,1,1564000,2013-9-25,15,1400,Baltimore
Succinct Ladder,3,7612000,2010-2-18,30,2100,Washington
Fragile Minor,4,24738000,2013-10-24,27,1800,Havre de Grace
Quixotic Minor,4,3171000,2010-4-10,15,1500,Memphis
Political Dota Championship,4,1436000,2021-7-2,1,2000,New Orleans
Nebulous Dota Championship,1,14813000,2021-2-14,8,2100,Evansville
Delicious Minor,4,5893000,2018-7-26,6,1000,Westminster
Small Major,4,26626000,2016-11-28,17,2000,Miramar
Taboo Major,3,35604000,2019-4-21,6,900,South Lyon
High Dota Championship,2,16254000,2014-7-3,3,1400,Asheville
Early Minor,2,18693000,2008-11-16,7,500,Columbia
Racial Dota Championship,2,13546000,2014-4-25,7,1400,Tulsa
Hellish Minor,4,17951000,2015-6-24,11,700,Fort Walton Beach
Aboriginal Ladder,4,31899000,2005-4-16,16,700,Myrtle Beach
Sulky Dreamhack,1,27711000,2011-9-11,15,1700,Fontana
Wistful Major,3,6214000,2012-10-8,27,300,New Orleans
Early Major,3,36924000,2018-12-22,29,900,Toledo
Tested Major,3,9295000,2017-1-17,6,2300,Bremerton
Undesirable Ladder,1,21855000,2019-4-14,17,1300,Vallejo
Disillusioned Ladder,4,8910000,2012-7-25,17,600,Boston
Wandering Ladder,1,39070000,2009-11-14,28,1600,Modesto
Optimal Dreamhack,2,7440000,2017-8-27,23,300,Beaumont
Dirty Dota Championship,2,20352000,2020-3-8,4,2000,Redding
Merciful Dreamhack,2,5245000,2013-6-2,19,600,Oceanside
Highfalutin Minor,4,1400000,2010-8-22,29,400,Palm Bay
Cagey Minor,4,14715000,2007-7-15,28,2000,Bremerton
Evasive Dota Championship,4,6283000,2018-4-23,7,1100,El Paso
Abrasive Dreamhack,4,31190000,2020-8-13,5,1000,Oklahoma City
Woozy Dota Championship,3,35589000,2006-8-18,10,1000,Antioch
Miniature Dreamhack,2,17312000,2011-9-12,3,2200,Roseville
Abaft Dreamhack,2,17247000,2010-8-8,13,300,Santa Maria
Oval Ladder,4,7066000,2010-1-24,27,1900,Trenton
Drunk Minor,4,35165000,2019-5-28,19,1300,Marina
Understood Ladder,3,28476000,2016-3-8,29,1000,Orem
Great Minor,2,6313000,2006-12-8,6,300,Palmdale
Hollow Major,4,1703000,2005-8-15,16,1200,Milwaukee
Abortive Minor,2,39453000,2015-8-17,10,1700,Salt Lake City
Oafish Major,2,18090000,2017-3-22,18,700,Kaneohe
Zealous Minor,3,4330000,2011-8-17,17,1900,Bethlehem
Hypnotic Ladder,1,26060000,2005-4-27,14,1100,Paterson
Melodic Dota Championship,3,24723000,2009-12-4,3,2200,Bel Air
Zippy Dota Championship,2,25582000,2006-2-10,12,1800,Alexandria
Nebulous Dreamhack,4,27224000,2021-6-20,17,800,Leominster
Relieved Dreamhack,1,18915000,2007-4-20,2,2000,Tucson
Scrawny Dreamhack,1,33531000,2021-11-8,23,2400,Port Arthur
Oceanic Major,1,15795000,2018-1-2,8,2400,Bonita Springs
Meek Dota Championship,1,3182000,2016-6-21,29,300,Los Angeles
Old Dreamhack,2,24282000,2013-9-26,25,2300,Elk Grove
Merciful Major,4,13515000,2009-10-5,2,1100,Phoenix
Weary Minor,1,23190000,2011-7-5,5,2200,Corona
Difficult Minor,2,36054000,2020-8-23,22,1900,Reno
Instinctive Major,1,26718000,2005-2-22,28,1200,Scottsdale
Precious Minor,3,29491000,2018-3-2,20,800,Tuscaloosa
Lewd Minor,2,33975000,2020-9-4,24,500,Bonita Springs
Symptomatic Dota Championship,1,28452000,2020-11-3,21,600,Albuquerque
Coherent Dreamhack,3,8733000,2014-2-2,27,2100,Evansville
Adjoining Minor,4,22018000,2007-6-15,11,1000,Los Angeles
Successful Major,3,26589000,2006-7-26,25,1700,New York City
Cuddly Dreamhack,2,29823000,2016-9-21,10,500,Hialeah
Needy Dota Championship,3,28004000,2013-6-12,11,1300,Fargo
Wretched Minor,4,20320000,2014-6-27,1,1900,Yakima
Forgetful Dota Championship,3,18885000,2020-10-26,19,1900,Warren
Racial Dota Championship,1,387000,2018-11-2,16,600,Winston
Hypnotic Minor,4,10945000,2008-3-3,28,1300,Austin
Mushy Dota Championship,4,7292000,2016-4-28,11,900,Bellevue
Symptomatic Minor,3,5779000,2012-9-2,29,1500,San Bernardino
Frantic Dota Championship,2,33328000,2015-6-26,22,800,Montgomery
Evil Ladder,3,24319000,2011-3-10,12,800,Vallejo
Cloistered Minor,4,32790000,2015-5-14,6,800,Lafayette
Cooing Major,3,6167000,2018-1-21,26,2000,Orem
Successful Minor,4,22536000,2007-1-5,10,300,Ogden
Skinny Major,1,25886000,2018-4-3,5,400,Birmingham
Dynamic Major,1,19794000,2005-7-27,18,2300,Newburgh
Quixotic Dota Championship,3,16845000,2016-8-19,2,1700,Topeka
Callous Major,4,11975000,2017-12-24,19,1600,Melbourne
Organic Minor,2,5955000,2011-2-5,17,2000,Sioux City
Axiomatic Dreamhack,4,7097000,2010-4-2,1,600,Monterey
Defective Dota Championship,3,39150000,2007-2-14,10,1000,Grand Prairie
Agonizing Minor,4,14560000,2012-8-1,16,2300,Garden Grove
Delicious Dota Championship,4,22790000,2017-7-18,27,1600,Myrtle Beach
Combative Ladder,4,4925000,2013-9-17,22,1700,San Buenaventura
Vigorous Dota Championship,4,4235000,2007-8-3,2,800,Santa Maria
Relieved Major,1,28465000,2018-6-7,25,2400,McHenry
Vague Major,1,28936000,2011-4-22,10,1800,Lubbock
Foamy Dota Championship,2,26387000,2012-7-7,20,900,Port Arthur
Tawdry Minor,1,6921000,2018-5-7,30,1900,Harrisburg
Oceanic Major,4,17957000,2010-7-12,23,1200,Norwalk
Alcoholic Major,4,16472000,2006-12-27,27,600,Hesperia
Powerful Dota Championship,4,3978000,2011-4-20,30,1000,Layton
Knowledgeable Minor,2,738000,2017-6-25,6,1800,Bellevue
Rainy Major,1,16601000,2013-6-23,18,500,Alexandria
Gruesome Dreamhack,4,2296000,2019-9-17,21,1800,Duluth
Endurable Major,4,13982000,2012-8-2,12,700,Honolulu
Deep Dreamhack,3,23329000,2013-11-20,3,600,Inglewood
Obedient Minor,4,7508000,2014-1-9,30,1500,Palmdale
Muddled Major,4,2047000,2016-2-25,1,2200,Sioux Falls
Tight Minor,1,13216000,2015-11-1,19,400,Columbia
Tan Minor,4,9489000,2010-9-2,15,300,GreenBay
Nauseating Major,3,30428000,2021-6-15,28,900,Dallas
Knowing Major,1,835000,2020-10-19,16,1100,Allentown
Defeated Major,3,17165000,2019-2-18,16,800,Monroe
Gruesome Dota Championship,1,25862000,2021-12-7,21,800,Waterloo
Upbeat Dota Championship,3,9193000,2015-4-23,17,800,Baton Rouge
Zonked Minor,1,22062000,2009-2-23,8,2200,Boise
Blushing Major,3,5753000,2015-6-25,29,2100,Kansas City
Troubled Ladder,3,5089000,2015-12-25,1,400,Davenport
Deep Minor,1,23924000,2010-11-3,8,800,Tucson
Silent Major,4,14963000,2007-4-20,18,2000,Layton
Upset Minor,1,24972000,2014-8-6,7,1800,Sacramento
Hissing Dreamhack,1,24516000,2009-2-5,26,2000,Fullerton
Handsome Dreamhack,3,13877000,2020-9-9,24,2000,Costa Mesa
Wise Minor,2,17321000,2020-12-25,26,2400,Miami
Fluffy Dota Championship,3,25480000,2014-4-16,2,1900,Escondido
Pleasant Dreamhack,4,18897000,2013-11-21,4,2400,West Valley City
Blue-Eyed Minor,3,19756000,2010-4-9,10,2100,Hollywood
Slow Dreamhack,2,7676000,2013-7-13,6,1300,Lexington
Overjoyed Major,2,27838000,2014-5-23,26,2000,Fullerton
Afraid Ladder,4,38299000,2018-1-16,18,1100,Escondido
Futuristic Ladder,2,34277000,2019-1-4,15,400,Tacoma
Fanatical Major,2,17505000,2019-9-7,25,700,Lafayette
Thundering Ladder,2,12512000,2013-4-2,22,900,Roseville
Fanatical Dota Championship,1,32721000,2005-2-28,26,1100,Tucson
Condemned Dreamhack,3,32387000,2006-9-16,9,2300,Washington
Bright Minor,3,15879000,2007-9-9,29,1400,Memphis
Outrageous Ladder,2,31048000,2011-5-4,8,2000,Newburgh
Level Dreamhack,3,39330000,2015-5-15,20,1300,Raleigh
Great Minor,2,16726000,2012-9-5,9,2300,Lake Charles
Foolish Minor,3,32202000,2018-3-16,17,1900,Birmingham
Grubby Dota Championship,4,39310000,2014-8-2,3,700,Pueblo
Resolute Minor,3,21700000,2011-7-27,8,1200,Bonita Springs
Modern Minor,3,11665000,2009-8-1,9,900,Coral Springs
Tasteful Dota Championship,2,33941000,2010-6-16,24,1500,Lowell
Uptight Dreamhack,4,1520000,2014-12-1,26,2000,Fremont
Immense Dreamhack,2,4644000,2018-7-23,24,1400,Bloomington
Ablaze Dota Championship,4,1731000,2005-11-6,26,1300,Pomona
Overjoyed Dota Championship,1,10163000,2012-10-13,16,1500,Manchester
Wee Minor,3,11499000,2011-5-7,17,1200,Westminster
Elfin Dota Championship,1,9693000,2013-7-15,21,1100,Peoria
Sable Ladder,4,31945000,2009-1-5,30,2000,Appleton
Grubby Dota Championship,3,26347000,2012-1-20,1,1700,Aberdeen
Grieving Major,2,9480000,2015-6-27,21,800,New Orleans
Utopian Major,3,12479000,2012-2-10,15,2000,Lake Charles
Tasteless Ladder,2,36378000,2006-6-23,17,1400,Overland Park
Penitent Dota Championship,2,1487000,2015-11-7,30,400,Cary
Thoughtless Major,4,21589000,2009-9-24,9,2300,Saint Louis
Crazy Dota Championship,4,8354000,2005-5-2,19,400,Pittsburgh
Incompetent Major,4,30909000,2019-7-2,8,2100,Mesquite
Angry Dota Championship,3,851000,2011-10-23,23,1000,Kaneohe
Embarrassed Dota Championship,3,29840000,2016-10-2,14,700,Rancho Cucamonga
Swanky Dota Championship,3,20140000,2007-3-5,22,2300,Topeka
Thinkable Major,4,24438000,2006-10-19,10,600,Thornton
Spectacular Minor,1,37176000,2006-2-13,10,1700,Syracuse
Hurried Dota Championship,4,18749000,2018-12-26,29,400,Harlingen
Wasteful Dota Championship,4,36979000,2005-1-25,29,2400,Lake Charles
Erect Ladder,3,39316000,2014-9-17,4,1600,Costa Mesa
Horrible Dreamhack,2,39617000,2020-2-22,24,2000,Aurora
Onerous Major,4,28467000,2012-11-12,29,1900,Costa Mesa
Boiling Dreamhack,2,30144000,2019-9-28,21,2400,Omaha
Different Dota Championship,2,25894000,2008-1-16,7,1900,Santa Clarita
Jobless Dota Championship,2,9784000,2010-7-9,6,1500,Coral Springs
Fluttering Ladder,4,7722000,2012-3-27,24,500,Modesto
Zany Major,1,1728000,2016-10-19,8,1600,Springdale
Absent Minor,4,4901000,2007-1-11,14,2300,Overland Park
Ancient Major,3,15588000,2016-6-26,26,1500,Providence
Elated Ladder,1,769000,2015-8-28,4,300,Mission Viejo
Curious Dota Championship,3,12782000,2010-6-19,27,1400,Burbank
Scintillating Ladder,4,33064000,2011-7-5,20,800,Eugene
Berserk Minor,3,7636000,2017-11-1,30,400,Cleveland
Exotic Dreamhack,3,8745000,2016-11-28,19,2200,McAllen
Rich Dreamhack,1,12798000,2012-11-21,18,1300,Bradenton
Frail Dreamhack,1,28517000,2008-2-23,24,900,Harlingen
Soggy Major,3,15617000,2005-6-28,7,600,Fresno
Taboo Minor,2,32015000,2011-11-17,6,1900,Fort Smith
Stormy Dota Championship,2,15883000,2012-4-22,12,400,Lafayette
Damaged Major,2,3443000,2008-4-11,29,1700,Saginaw
Concerned Ladder,2,774000,2021-12-17,23,300,Colorado Springs
Picayune Minor,3,38673000,2010-2-15,25,1900,Champaign
Rare Ladder,1,20682000,2009-11-9,21,1300,Bethlehem
Amused Dreamhack,2,28661000,2011-3-18,9,800,San Bernardino
Grotesque Dota Championship,3,4356000,2016-8-11,12,2300,Harlingen
Old-Fashioned Major,3,39026000,2015-10-12,3,1300,Bel Air
Bitter Dota Championship,2,6570000,2008-4-19,29,2300,Merced
Statuesque Dreamhack,3,11660000,2014-11-4,13,1000,Victorville
Flat Dreamhack,1,26980000,2020-8-18,13,300,Miramar
Combative Dota Championship,3,39900000,2010-10-9,14,1100,Scottsdale
Miscreant Dota Championship,4,38477000,2009-1-20,10,1000,College Station
Divergent Major,1,31068000,2020-10-7,1,1000,Hampton
Black Dota Championship,3,14956000,2005-11-10,21,700,San Jose
Slippery Dreamhack,1,30915000,2012-9-28,8,700,Poughkeepsie
Defiant Major,4,20591000,2010-11-6,24,1200,Orange
Detailed Minor,3,17796000,2007-5-18,14,1400,Cathedral City
Groovy Major,3,35088000,2010-8-18,4,1300,Buffalo
Holistic Minor,3,1632000,2017-10-24,25,1100,Harlingen
Adamant Dreamhack,4,34971000,2012-8-7,18,700,Monterey
Defeated Minor,1,36155000,2008-7-24,28,2000,Lakewood
Maddening Minor,3,25777000,2011-5-19,3,800,Richland
Modern Major,2,20377000,2015-9-20,21,1500,Dayton
Rabid Dota Championship,4,12725000,2019-3-12,4,1500,Corpus Christi
Fair Dota Championship,4,38000000,2013-1-24,24,1900,Providence
Abstracted Dreamhack,4,25759000,2017-2-4,19,1800,Ontario
Shocking Dota Championship,3,6816000,2008-12-27,5,2200,Lincoln
Crowded Ladder,3,24311000,2009-7-28,20,1100,Waterbury
Worthless Dreamhack,4,3894000,2013-7-15,7,800,Rockford
Bright Minor,3,29650000,2021-9-18,4,2300,Punta Gorda
Tense Dreamhack,1,10702000,2017-9-10,3,900,Jersey City
Abundant Minor,1,28921000,2012-2-22,20,1800,West Valley City
Quiet Dreamhack,1,32594000,2021-7-3,17,600,Pompano Beach
Tranquil Minor,4,19040000,2007-1-21,16,1400,Riverside
Unequaled Dreamhack,4,35512000,2017-2-22,10,1800,Tempe
Roomy Major,3,30037000,2007-3-4,5,1100,Johnson City
Magnificent Minor,4,37444000,2020-6-12,10,1400,North Port
Zany Dota Championship,3,35111000,2020-1-13,27,400,Greensboro
Used Ladder,2,26014000,2018-6-16,7,1600,San Antonio
Glamorous Major,1,28673000,2016-7-22,18,900,Tempe
Numerous Minor,4,17965000,2021-9-9,2,2300,Grand Prairie
Harmonious Dreamhack,2,6316000,2005-4-19,26,2100,Denver
Pretty Minor,3,26247000,2006-6-15,25,700,Lubbock
Abusive Minor,4,35143000,2005-11-23,1,2200,New London
Redundant Minor,2,12166000,2015-9-17,13,1400,Houston
Magenta Major,4,26395000,2016-10-20,16,1200,Thornton
Statuesque Dreamhack,1,6291000,2020-9-7,4,2300,Eugene
Axiomatic Ladder,3,26166000,2016-5-19,2,2300,Pompano Beach
Ignorant Dreamhack,1,8643000,2013-10-24,30,400,Madison
Straight Dreamhack,2,38635000,2008-9-14,7,600,Denver
Funny Minor,1,18803000,2005-4-5,19,900,Davidson County
Damaged Minor,3,17024000,2021-4-25,20,600,Hartford
Accidental Dota Championship,2,23212000,2018-3-9,8,600,Nashua
Breezy Ladder,3,30009000,2014-4-11,28,1500,Ann Arbor
Political Major,1,26321000,2021-2-25,8,600,Houston
Homeless Ladder,1,1669000,2011-3-19,3,1400,Barnstable
Boundless Dreamhack,4,7945000,2010-11-7,11,1200,Mission Viejo
Excellent Major,3,9090000,2019-9-19,16,2200,Murfreesboro
Materialistic Minor,3,29269000,2017-3-15,16,1900,San Antonio
Lopsided Ladder,4,29580000,2017-1-28,30,600,Barnstable
Curved Major,4,13503000,2018-5-3,29,1300,Carrollton
Periodic Major,2,736000,2013-5-6,23,1400,Lacey
Null Major,2,34884000,2018-8-1,4,2200,Oklahoma City
Premium Major,2,37520000,2006-12-20,20,2400,Merced
Pastoral Ladder,1,20951000,2019-7-2,16,2200,Sunnyvale
Barbarous Dreamhack,3,9070000,2006-10-25,6,1200,Bridgeport
Seemly Minor,3,21146000,2011-12-6,7,700,Ocala
Sad Major,1,29527000,2010-8-13,22,400,Norwich
Chivalrous Dreamhack,1,4938000,2006-5-16,12,300,Aurora
Obsequious Dota Championship,4,32450000,2021-4-8,11,1100,Port Orange
Mysterious Ladder,3,30977000,2011-5-2,10,1500,Gilbert
Squeamish Dreamhack,2,17467000,2007-2-27,25,2000,Vallejo
Ambiguous Ladder,1,32576000,2005-3-26,24,2200,Brighton
Elfin Major,1,1028000,2015-9-1,30,2400,Rockford
Miniature Major,2,24754000,2008-12-26,18,500,Yakima
Healthy Minor,4,16496000,2010-8-26,30,1400,Overland Park
Straight Minor,4,26386000,2011-10-23,1,1400,Frederick
Rich Minor,2,21877000,2007-4-3,15,500,Gainesville
Cloudy Major,2,21078000,2013-3-27,9,900,Normal
Glamorous Ladder,4,12690000,2009-5-14,20,1400,Tulsa
Oceanic Minor,1,820000,2019-1-15,15,1100,Garland
Standing Major,1,6838000,2019-12-12,15,1500,Columbia
Thankful Minor,3,24813000,2006-9-12,5,600,Sebastian
Scandalous Ladder,1,8384000,2020-11-7,8,1300,Gastonia
Large Major,1,29079000,2018-11-13,9,400,Kissimmee
Thankful Ladder,2,26714000,2005-12-16,26,2300,Knoxville
Massive Dota Championship,4,12155000,2009-4-11,26,1100,Lewisville
Chunky Dota Championship,1,5238000,2005-10-18,27,1300,Olathe
Jumbled Dota Championship,4,28684000,2014-11-7,24,1400,Mesa
Raspy Ladder,2,6190000,2015-8-10,5,800,Roanoke
Kaput Major,3,39816000,2018-6-1,23,800,Normal
Parched Dota Championship,3,2622000,2007-10-12,15,2400,Bel Air
Fretful Dreamhack,4,27867000,2012-7-14,29,300,Pompano Beach
Wiry Minor,1,37160000,2013-5-23,6,800,Westminster
Hysterical Dota Championship,1,21085000,2010-10-25,16,1100,Fremont
Zany Dreamhack,3,4634000,2021-3-23,26,1300,Killeen
Frightened Minor,3,29831000,2006-7-9,18,2300,Cape Coral
Craven Minor,2,1502000,2020-12-3,15,1900,Arvada
Proud Ladder,2,29744000,2006-10-16,13,1800,Tucson
Wrathful Major,1,23419000,2009-10-27,4,1300,Jersey City
Tense Major,1,9895000,2020-1-26,26,1700,Reno
Berserk Ladder,3,3810000,2018-12-15,3,1600,Fort Smith
Lethal Dreamhack,4,13177000,2015-4-8,16,600,Tucson
Hushed Ladder,4,25622000,2014-11-13,5,2000,Santa Clara
Anxious Major,1,39699000,2008-6-15,25,700,Aurora
Tired Dreamhack,1,28634000,2010-3-13,28,1400,Davenport
Auspicious Ladder,1,38452000,2007-1-20,24,300,Winston
Homely Dreamhack,4,3021000,2011-7-18,6,1100,San Bernardino
Eager Minor,1,30372000,2008-7-1,22,1900,Modesto
Pumped Ladder,4,7346000,2017-5-2,6,1700,Clearwater
Early Dota Championship,4,13897000,2005-5-6,8,1700,Gilbert
Rough Minor,3,19030000,2018-5-27,10,600,Corpus Christi
Sweet Major,2,38013000,2008-6-9,20,1600,Cambridge
Glamorous Minor,3,11401000,2021-4-9,5,600,Gulfport-Biloxi
Lean Minor,2,17079000,2021-7-28,8,1300,Tuscaloosa
Bad Dota Championship,4,35666000,2009-8-15,22,400,Corpus Christi
Mighty Major,1,10154000,2010-3-19,25,800,Savannah
Strange Dota Championship,4,9544000,2010-6-22,1,1700,Orange
Blue-Eyed Major,4,26892000,2012-11-28,17,1300,Stamford
Plastic Ladder,1,18659000,2009-8-11,2,1800,Orange
Hot Minor,3,15961000,2011-1-27,25,1700,Champaign
Madly Dreamhack,2,17998000,2012-4-14,20,1300,Utica
Makeshift Minor,3,12774000,2017-4-21,5,1000,Miramar
Wooden Major,4,18720000,2018-2-3,23,1500,Hemet
Exclusive Dreamhack,2,38430000,2015-11-19,2,900,Tacoma
Versed Dota Championship,3,3073000,2016-3-4,4,600,Saint Paul
Hospitable Dreamhack,4,10892000,2012-11-18,17,900,Fontana
Red Minor,1,22771000,2011-9-27,21,1000,Newburgh
Aware Ladder,3,2522000,2008-5-6,15,400,Reno
Wistful Major,1,11718000,2010-10-12,22,2100,Stamford
Berserk Minor,3,39794000,2016-8-14,8,300,Youngstown
Futuristic Major,2,34001000,2015-1-3,27,2200,Paterson
Scientific Ladder,4,33898000,2008-5-27,16,1500,Scottsdale
Habitual Dota Championship,2,29678000,2017-1-16,20,2400,El Paso
Huge Minor,2,8932000,2010-4-23,12,1100,Saint Petersburg
Gorgeous Dota Championship,4,15896000,2011-11-16,3,1200,Albuquerque
Easy Minor,3,22171000,2016-2-23,10,2100,Anchorage
Agonizing Dota Championship,4,39798000,2007-10-19,8,1600,Daly City
Successful Dreamhack,4,3561000,2016-9-14,20,700,Downey
Substantial Ladder,1,24566000,2016-10-24,19,1900,Hesperia
Fine Major,4,37467000,2005-4-23,10,1600,Victorville
Standing Minor,2,2758000,2014-12-25,18,1800,Houma
Crowded Dreamhack,1,10981000,2006-4-28,25,1500,Raleigh
Illustrious Ladder,1,29928000,2018-1-16,13,1100,Tacoma
Defective Ladder,3,7399000,2021-8-15,21,1500,Toledo
Wide Major,3,11987000,2016-10-25,17,900,Thornton
Ahead Dota Championship,4,4265000,2021-3-15,25,800,Erie
Wide Ladder,4,24492000,2007-1-16,23,400,Irvine
Goofy Ladder,1,8874000,2007-6-23,17,2000,Spartanburg
Lazy Minor,4,26069000,2013-5-7,30,800,Reno
Subdued Ladder,4,31305000,2009-8-17,20,1800,Miami
Majestic Minor,4,26921000,2006-10-6,19,1600,Eugene
Hurried Dreamhack,2,8694000,2016-4-20,12,600,Youngstown
Strange Dota Championship,3,13860000,2009-12-8,18,1800,Santa Barbara
Abounding Major,4,36776000,2009-10-10,19,1500,Little Rock
Abject Minor,2,7357000,2007-6-7,17,1100,Worcester
Vivacious Minor,4,39352000,2017-10-25,9,1500,Visalia
Lackadaisical Dreamhack,2,13402000,2006-1-23,22,2200,Chicago
Juicy Dota Championship,4,16661000,2017-8-9,27,1500,Shreveport
Illegal Ladder,2,18019000,2012-5-2,7,2200,Kansas City
Charming Ladder,2,3775000,2018-5-5,21,300,Jefferson
Fanatical Major,2,11423000,2012-12-24,4,1300,Mission Viejo
Graceful Dreamhack,3,8786000,2017-11-13,30,1800,Westminster
Tender Dreamhack,4,3346000,2021-5-15,21,1000,Rockford
Abhorrent Minor,1,10840000,2021-4-2,6,300,Billings
Melodic Major,1,37230000,2013-6-10,15,1300,North Port
Grubby Major,2,5698000,2011-3-8,20,600,Naperville
Vivacious Major,2,816000,2008-3-25,9,2300,Oxnard
Happy Dota Championship,1,33086000,2017-3-10,3,1300,Lorain
Empty Dota Championship,2,3595000,2007-7-7,2,300,Fort Collins
Curly Dota Championship,1,30687000,2005-11-2,20,1600,Vallejo
Tough Major,2,11224000,2014-7-11,30,600,El Monte
Defiant Dota Championship,3,24628000,2007-12-7,7,1000,Appleton
Ad Hoc Dota Championship,1,4826000,2016-5-25,5,300,Elizabeth
Tiny Dota Championship,2,20586000,2013-11-1,8,1000,Overland Park
Wrathful Ladder,4,38940000,2015-9-20,26,1400,Pittsburgh
Late Dota Championship,1,21589000,2007-6-10,15,300,Houma
Humorous Dota Championship,2,24227000,2018-10-27,12,300,Warren
Large Minor,4,26993000,2013-12-26,29,1900,Eugene
Chunky Minor,2,19488000,2010-8-22,5,2100,Springfield
Eminent Minor,2,6020000,2013-11-10,20,800,Lake Charles
Delicious Minor,2,18112000,2012-2-16,10,500,Cape Coral
Abandoned Dreamhack,4,18565000,2012-8-7,5,2100,Grand Prairie
Fancy Dreamhack,2,12568000,2017-11-15,26,2000,Daytona Beach
Handsome Major,3,13633000,2015-1-28,19,2200,Reading
Supreme Dota Championship,3,14675000,2013-10-3,18,1000,Fort Collins
Tired Minor,1,18229000,2015-10-2,16,900,Daytona Beach
Nutritious Ladder,2,24226000,2016-8-22,30,900,Burlington
Aback Dota Championship,3,3806000,2008-3-18,16,2000,Colorado Springs
Impartial Dota Championship,1,14081000,2009-7-8,22,1300,Daly City
Robust Minor,2,5618000,2019-11-19,16,1200,Pittsburgh
Eatable Minor,2,9819000,2019-11-11,7,500,Hagerstown
Tasteful Major,4,31396000,2015-7-1,20,2400,Asheville
Hulking Dreamhack,3,6024000,2013-3-27,21,1000,Winter Haven
Determined Minor,3,11274000,2019-4-15,29,1100,Santa Rosa
Tangy Ladder,3,10759000,2010-8-18,14,1500,Pomona
Cute Dota Championship,2,29307000,2011-3-12,20,2100,St. Louis
Mushy Minor,3,13400000,2017-5-4,5,1800,Durham
Dapper Minor,4,11354000,2016-2-28,28,1700,Canton
Spectacular Dreamhack,4,9980000,2017-3-14,13,1900,Carrollton
Courageous Minor,3,6727000,2006-11-22,25,500,Port Orange
Earthy Dreamhack,4,1750000,2014-7-24,11,800,Toledo
Slippery Minor,4,9662000,2018-3-19,17,700,York
Uneven Ladder,4,33856000,2007-10-24,4,2200,Durham
Prickly Dreamhack,3,16292000,2006-10-3,5,900,Phoenix
Alert Ladder,3,17428000,2013-10-4,27,2400,Nashville
Late Dota Championship,2,12207000,2015-5-22,4,2000,Elizabeth
Absorbing Dreamhack,1,19286000,2014-9-9,15,2300,Baltimore
Outstanding Major,1,17742000,2007-12-6,26,1000,Greensboro
Zealous Dota Championship,3,16535000,2018-1-8,20,400,New York
Damp Major,3,29801000,2019-4-3,23,1400,Warren
Judicious Major,3,20843000,2008-5-6,3,300,Chesapeake
Goofy Ladder,2,31816000,2021-8-7,9,1700,Temecula
Handsome Dreamhack,3,38154000,2017-4-6,29,500,Fort Lauderdale
Tired Dreamhack,2,39285000,2016-8-23,23,400,Kansas City
Wonderful Dreamhack,2,2748000,2011-3-13,5,2200,Palm Springs
Faulty Dota Championship,4,39944000,2008-12-18,4,300,Orem
Trite Dota Championship,1,38687000,2020-3-26,29,2400,Provo
Odd Dreamhack,3,13609000,2021-9-11,27,900,Gilbert
Noisy Minor,4,18986000,2020-7-28,24,1700,Olathe
Tense Dota Championship,1,29995000,2016-9-1,16,2400,Visalia
Strong Major,4,11243000,2016-8-21,1,2300,Garland
Uppity Major,2,10480000,2019-5-18,15,800,Seattle
Godly Minor,1,8290000,2008-11-7,20,400,Chattanooga
Quarrelsome Major,3,7885000,2016-2-9,7,1900,Melbourne
Acoustic Minor,2,12234000,2012-7-27,1,1000,Fort Smith
Painful Dreamhack,1,4368000,2014-1-1,5,2100,Milwaukee
Exclusive Ladder,2,37008000,2005-4-27,15,2300,Torrance
Functional Minor,4,3171000,2015-5-11,1,2400,Gilbert
Substantial Dota Championship,2,9944000,2013-1-6,9,1000,Fullerton
Vivacious Minor,2,13182000,2019-11-7,16,500,Minneapolis
Understood Minor,1,22882000,2016-9-20,29,1600,Fresno
Nifty Minor,3,21054000,2020-12-11,9,2300,Tacoma
Spiritual Minor,2,13023000,2016-8-14,6,600,Hialeah
Aggressive Ladder,2,34865000,2010-1-12,12,2000,Escondido
Quick Dota Championship,2,660000,2014-2-5,27,1300,Havre de Grace
Maniacal Dota Championship,2,32950000,2020-10-26,22,2300,Myrtle Beach
Redundant Dreamhack,2,24718000,2014-6-3,21,500,Akron
Evil Dreamhack,1,39111000,2018-1-24,2,500,Appleton
Equable Minor,4,4291000,2009-11-1,16,700,Oklahoma City
Credible Ladder,1,13939000,2013-4-13,1,1900,South Lyon
Imported Ladder,1,39845000,2007-5-8,15,1400,Fort Lauderdale
Flowery Dota Championship,2,4010000,2020-9-16,23,700,New Bedford
Reminiscent Ladder,1,24625000,2013-6-7,27,2200,Garland
Laughable Ladder,3,9053000,2011-1-19,24,300,Trenton
Gorgeous Major,4,33109000,2015-4-14,19,800,Danbury
Crowded Dreamhack,4,34431000,2006-7-8,16,500,Norfolk
Painstaking Ladder,3,19654000,2019-9-25,27,2000,Athens
Tasty Minor,4,8732000,2016-1-13,3,1200,Westminster
Industrious Dreamhack,3,20528000,2016-2-26,26,2400,Hialeah
Abstracted Dreamhack,2,32626000,2015-3-1,10,400,Rochester
Hallowed Ladder,3,1065000,2020-9-17,30,500,Waterloo
Busy Minor,3,39791000,2014-4-5,11,800,Marina
Absurd Dota Championship,2,29522000,2009-12-26,14,2400,Downey
Gainful Major,1,37547000,2015-9-16,23,2400,Jackson
Shrill Minor,4,11365000,2007-11-17,28,1600,South Lyon
Shy Dreamhack,3,19745000,2007-8-23,25,2000,Waterloo
Healthy Minor,2,4524000,2015-7-27,8,1800,Bellevue
Rhetorical Dreamhack,3,31131000,2008-12-2,26,2200,Pembroke Pines
Reflective Ladder,1,37811000,2020-10-1,15,1800,Lincoln
Substantial Ladder,2,15815000,2005-7-8,28,1900,Salinas
Aback Dota Championship,4,36616000,2005-1-3,24,1100,St. Petersburg
Adamant Minor,3,31133000,2015-1-26,14,1900,Chula Vista
Rotten Minor,3,4703000,2008-6-16,20,2000,Syracuse
Jazzy Major,4,31778000,2017-7-25,19,700,Antioch
Absorbed Minor,4,1756000,2013-11-22,16,400,Orange
Zippy Dota Championship,1,25491000,2011-9-12,13,600,Hartford
Steadfast Dreamhack,3,23142000,2009-6-20,15,1700,Madison
Deserted Dreamhack,2,18483000,2015-1-5,15,1200,Norwalk
Questionable Major,2,30081000,2020-12-11,18,900,Sacramento
Homeless Dota Championship,2,9506000,2008-1-26,10,1200,Lewisville
Incandescent Minor,4,4379000,2014-12-6,15,1600,Deltona
Flashy Dota Championship,3,35572000,2007-2-28,12,2100,Saint Louis
Flashy Dota Championship,3,16065000,2008-11-26,28,2200,Portland
Few Dreamhack,2,32657000,2009-10-25,4,900,Jackson
Lamentable Dreamhack,2,31051000,2011-10-4,15,800,Bremerton
Bumpy Ladder,4,13974000,2018-10-4,28,1600,Daytona Beach
Defective Major,1,20485000,2009-7-22,26,400,New Bedford
Worried Dota Championship,1,3885000,2012-9-15,23,1700,San Antonio
Used Ladder,1,30249000,2011-4-11,6,2300,Palmdale
Piquant Dreamhack,3,8342000,2019-10-22,11,300,York
Fat Dreamhack,4,23474000,2008-7-12,12,1300,Sebastian
Mighty Dota Championship,1,20101000,2020-11-10,27,400,Miramar
Ragged Dreamhack,2,33026000,2010-5-7,5,800,Clarke County
Hellish Minor,4,34564000,2008-6-10,21,500,Arlington
Lovely Ladder,1,5196000,2010-1-27,4,900,Corona
Nutritious Major,1,26227000,2019-9-27,22,2100,Chandler
Wistful Ladder,1,4246000,2015-9-5,19,300,College Station
Tight Ladder,2,17930000,2005-4-7,18,2200,Harrisburg
Abject Dreamhack,3,34049000,2020-5-11,8,1800,Scranton
Wooden Minor,4,6682000,2006-6-10,3,1400,Miramar
Guiltless Dota Championship,3,6002000,2016-7-10,14,900,Medford
Tough Dreamhack,1,12371000,2007-8-18,18,2100,Lacey
Little Dota Championship,2,37099000,2017-9-19,29,2200,Fayetteville
Odd Major,1,6660000,2011-7-9,11,1700,Louisville
Elegant Dota Championship,1,22731000,2019-10-25,12,2200,Atlanta
Warm Dota Championship,4,10016000,2012-6-8,23,300,Olympia
Witty Ladder,3,17330000,2011-8-21,10,1100,Dayton
Sad Dreamhack,4,19452000,2012-12-19,12,1400,Scranton
Overrated Major,3,6990000,2006-7-13,7,1500,Cincinnati
Small Minor,2,8667000,2015-2-5,18,1200,Inglewood
Dry Ladder,2,36517000,2010-6-21,13,2400,Montgomery
Adorable Dota Championship,3,37238000,2006-8-13,12,2200,Harlingen
Obsolete Major,4,13986000,2012-6-9,26,1300,Cape Coral
Magenta Dota Championship,3,23255000,2009-8-26,7,300,Beaumont
Oceanic Minor,3,22659000,2010-3-19,16,1800,Daytona Beach
Organic Dreamhack,2,29704000,2005-9-11,28,600,Pembroke Pines
Rainy Major,4,7054000,2019-5-8,8,1100,Raleigh
Damp Minor,1,14488000,2017-4-21,4,2200,Murfreesboro
Instinctive Dota Championship,1,34370000,2008-1-27,2,800,Dayton
Lush Ladder,3,33637000,2009-5-28,1,1700,Jefferson
Nifty Ladder,2,32572000,2016-3-28,3,1200,Allentown
Ruthless Dota Championship,4,29109000,2010-7-27,7,500,Palm Springs
Cowardly Minor,3,2656000,2016-7-14,22,1700,Kansas City
Flipped-Out Dreamhack,2,21761000,2008-8-24,11,2300,Havre de Grace
Frantic Major,2,24870000,2008-6-9,15,1500,Roseville
Sleepy Ladder,1,3893000,2016-5-16,10,400,Grayslake
Witty Ladder,2,7276000,2009-7-5,4,400,Albany
Unarmed Ladder,3,13211000,2007-9-25,22,1200,Palm Bay
Wide Ladder,3,35527000,2007-1-28,20,600,York
Billowy Dota Championship,3,9858000,2020-4-4,21,600,Redding
Heartbreaking Ladder,2,22523000,2016-1-3,7,800,Minneapolis
Real Minor,2,14282000,2018-8-2,28,1300,Richmond
Erratic Dreamhack,2,5992000,2018-2-27,3,1400,Philadelphia
Hollow Ladder,1,32447000,2013-12-17,8,2400,Salinas
Efficacious Minor,3,39187000,2018-3-10,5,800,New London
Neighborly Minor,3,18704000,2011-9-9,28,1600,Norfolk
Wandering Dota Championship,2,36847000,2014-3-7,4,2000,Jackson
Apathetic Dota Championship,4,37139000,2021-2-16,7,1800,Odessa
Sore Ladder,1,23795000,2021-2-7,29,2200,Baton Rouge
Heady Major,3,18749000,2019-7-21,14,800,Inglewood
Shivering Dota Championship,4,33969000,2015-2-21,23,900,Washington
Upbeat Minor,3,15560000,2008-3-23,3,1100,Garden Grove
Alleged Minor,3,38612000,2019-11-24,21,1800,Louisville
Difficult Minor,3,6665000,2015-12-28,29,1100,Reno
Educated Major,2,14331000,2007-11-18,30,1200,Lancaster
New Minor,3,10680000,2018-5-9,2,1900,Torrance
Imminent Major,1,23898000,2009-2-5,27,2400,Topeka
Warlike Major,3,19247000,2008-10-12,16,300,Havre de Grace
Successful Minor,2,11085000,2006-6-4,2,1600,Phoenix
Recondite Major,1,29992000,2009-5-19,4,700,Waterbury
Wrathful Major,2,11653000,2013-7-16,21,1300,Omaha
Ill Major,4,6698000,2008-1-6,10,2400,Marysville
Afraid Dreamhack,4,9410000,2012-4-13,13,800,Roseville
Aloof Minor,4,30092000,2014-10-9,26,900,New London
Obsolete Major,2,29990000,2015-6-26,27,600,Sioux City
Unsightly Major,4,16654000,2014-6-12,10,600,Pittsburgh
Crazy Dota Championship,1,32036000,2019-1-26,27,1300,San Jose
Thinkable Minor,3,11292000,2012-12-15,23,700,Laredo
Small Dota Championship,4,16181000,2010-8-12,29,1100,Seattle
Robust Ladder,3,30286000,2013-11-17,11,1300,Lubbock
Red Dota Championship,1,16368000,2019-11-19,10,800,Albany
Vacuous Dreamhack,1,27061000,2011-11-18,9,400,Hialeah
Lewd Dreamhack,3,138000,2011-8-26,16,1500,Waterloo
Rhetorical Dreamhack,1,7492000,2012-4-18,23,1900,Lakewood
Acoustic Minor,2,27626000,2018-3-8,19,2300,Port Orange
Rough Dota Championship,1,31471000,2005-4-13,11,700,Stockton
New Dota Championship,3,24778000,2013-4-27,11,800,Victorville
Changeable Dota Championship,4,26610000,2020-9-5,16,1000,Miramar
Ossified Ladder,2,13508000,2016-2-24,10,600,Lowell
Pointless Minor,1,24512000,2008-10-7,7,1300,Barnstable
Oceanic Dota Championship,2,27204000,2017-12-11,8,1600,Kaneohe
Jagged Minor,3,6845000,2006-12-4,21,1900,Baltimore
Tearful Dota Championship,4,30475000,2005-7-18,22,1300,Concord
Shiny Dota Championship,3,38092000,2010-6-20,23,2400,Port Saint Lucie
Futuristic Dota Championship,2,5080000,2018-8-13,8,600,New York City
Uptight Minor,4,33676000,2011-6-1,7,2200,Newark
Verdant Major,4,24349000,2009-1-21,1,2100,Pittsburgh
Breezy Dota Championship,3,22028000,2019-2-11,21,700,Torrance
Obtainable Dreamhack,2,10545000,2018-12-11,27,1200,Norman
Scandalous Dreamhack,3,28527000,2009-6-14,14,1700,Westminster
Quack Major,1,14511000,2011-5-24,18,300,Bellevue
Squealing Dota Championship,1,29079000,2010-12-8,23,1200,Mesquite
Numerous Major,1,6416000,2017-9-3,16,400,Hartford
Young Minor,1,13896000,2015-9-6,24,1100,Lewisville
Fierce Dreamhack,2,10192000,2014-2-20,14,2200,Tampa
Cloistered Minor,4,17705000,2010-11-21,4,1100,St. Louis
Hospitable Minor,2,8768000,2018-10-27,8,600,Port Arthur
Selective Dreamhack,4,24642000,2012-1-18,7,700,Allentown
Lively Major,4,23018000,2012-1-24,11,400,Salt Lake City
Substantial Dota Championship,1,10532000,2012-6-15,23,300,Saginaw
Ceaseless Ladder,4,8973000,2020-3-11,12,1800,El Monte
Phobic Major,1,23854000,2013-12-25,6,2200,Portland
Jittery Ladder,1,21101000,2008-8-22,30,1600,St. Petersburg
Heady Major,2,7965000,2014-3-2,28,300,Lowell
Periodic Minor,1,12242000,2018-6-3,29,2200,Berkeley
Sparkling Dreamhack,2,18039000,2017-11-1,5,1800,Riverside
Hospitable Dreamhack,2,17480000,2008-1-18,5,1400,Montgomery
Woozy Major,3,15099000,2018-11-24,25,2100,Johnson City
Calm Dota Championship,2,1311000,2005-10-14,17,2400,Clarke County
Unaccountable Major,1,24053000,2007-1-14,4,400,Boston
Womanly Dreamhack,1,12483000,2008-1-9,23,800,Duluth
Loutish Dreamhack,3,18254000,2005-4-20,13,500,Lacey
Fallacious Minor,3,14682000,2011-10-8,28,2300,Sterling Heights
Mushy Major,1,30819000,2005-9-25,14,2200,Palmdale
Onerous Minor,2,16292000,2021-5-20,2,2000,Long Beach
Omniscient Dreamhack,2,17604000,2007-8-5,14,1300,Clarksville
Quick Major,2,26704000,2016-9-28,7,600,Albany
Overwrought Dota Championship,4,18978000,2013-8-5,13,1000,Fort Lauderdale
Silky Minor,2,20978000,2017-1-12,1,1700,Gulfport-Biloxi
Ahead Major,1,31338000,2009-4-14,25,1100,Richland
Blue-Eyed Minor,1,34681000,2011-2-9,2,900,Oceanside
Parched Ladder,4,25003000,2019-10-16,1,800,Lorain
Confused Minor,2,30650000,2017-1-5,28,400,Burbank
Arrogant Dreamhack,1,20172000,2010-5-14,5,2400,Howell
Sparkling Ladder,3,30752000,2021-12-9,9,1900,Provo
Spicy Minor,4,3586000,2005-12-15,11,1700,Vancouver
Gentle Dota Championship,1,35073000,2008-9-18,2,500,Gastonia
Excellent Dreamhack,3,12079000,2011-6-15,29,1600,Tuscaloosa
Industrious Minor,4,38327000,2017-2-18,23,1800,Apple Valley
Pastoral Dreamhack,2,28940000,2018-10-26,23,2000,Medford
Dull Major,4,36329000,2019-12-7,13,400,Houma
High Major,4,6300000,2008-1-5,23,600,Sioux Falls
Sincere Dota Championship,3,22429000,2019-12-28,25,2100,Philadelphia
Habitual Minor,1,6613000,2005-5-22,27,1000,Westminster
Dirty Minor,4,7282000,2015-5-19,5,2400,Fresno
Wary Major,4,6650000,2020-4-26,21,2300,Mesa
Gleaming Dota Championship,2,3806000,2011-8-7,5,1300,Duluth
Better Major,1,11573000,2020-7-23,27,500,Albuquerque
Acoustic Dreamhack,4,26414000,2013-7-2,16,1700,Salt Lake City
Numerous Dreamhack,3,32490000,2009-2-24,17,1700,Lorain
Hapless Minor,2,4616000,2015-6-21,16,700,Worcester
Magical Dota Championship,4,20596000,2016-1-23,4,2300,Apple Valley
Hot Ladder,1,19764000,2020-5-6,30,600,Kailua
Misty Dreamhack,4,469000,2005-8-13,12,1200,Seattle
Gleaming Minor,1,30698000,2013-3-21,5,2400,Denton
Funny Major,1,1395000,2008-7-2,30,1200,Santa Clara
Envious Dota Championship,3,36338000,2008-3-15,15,800,Port Saint Lucie
Legal Minor,2,9423000,2014-5-28,9,800,Stamford
Square Dota Championship,2,31854000,2005-7-20,16,400,Aurora
Honorable Ladder,2,36803000,2017-11-20,21,800,Baltimore
Different Dota Championship,1,33760000,2005-3-7,27,2000,Utica
Puffy Dota Championship,3,31430000,2018-6-20,15,1200,Hemet
Flashy Dota Championship,2,29380000,2014-11-4,22,500,Atlanta
Wry Dota Championship,3,26587000,2015-7-11,4,300,Garden Grove
Handsomely Ladder,1,11955000,2011-5-12,7,1600,Antioch
Steadfast Major,3,17673000,2010-8-1,26,300,Philadelphia
Didactic Major,4,39845000,2016-11-14,30,800,Anchorage
Innate Dreamhack,1,33103000,2020-9-20,21,600,Youngstown
Feigned Minor,2,16753000,2013-5-22,6,700,Garland
Chunky Major,3,267000,2018-1-23,9,1800,Bloomington
Available Dreamhack,1,25695000,2007-3-4,30,1400,Monterey
Idiotic Dota Championship,2,17964000,2018-12-27,20,2300,North Charleston
Magenta Dreamhack,3,26313000,2017-7-11,17,1300,Tacoma
Acceptable Dota Championship,3,19006000,2008-3-18,6,2200,Deltona
High Minor,4,36307000,2017-6-14,3,2300,Waterloo
Majestic Dreamhack,2,27542000,2005-7-25,25,400,Miami
Embarrassed Minor,2,29355000,2013-3-27,22,2100,Redding
Efficient Dota Championship,1,8561000,2006-8-7,24,2300,Mesquite
Mushy Dreamhack,1,3120000,2009-9-17,20,1600,Phoenix
Noisy Minor,4,26000000,2016-1-23,26,2000,Lakewood
Torpid Dota Championship,4,36105000,2021-7-28,11,1500,Mesquite
Gifted Minor,4,28743000,2016-8-23,14,1300,Sioux City
Flawless Minor,1,24403000,2016-3-12,4,1300,Salt Lake City
Smoggy Ladder,2,161000,2008-1-11,25,2000,Olathe
Trite Dreamhack,1,34193000,2008-7-9,30,1000,Davenport
Abrasive Dreamhack,2,27541000,2006-7-13,3,2000,Saint Louis
Fuzzy Major,3,37007000,2005-1-15,18,700,Flint
Bloody Major,3,39160000,2018-3-21,1,2400,Aberdeen
Abiding Dota Championship,4,37149000,2018-1-13,23,2000,Rochester
Moaning Dota Championship,3,16904000,2021-2-10,17,1700,Syracuse
Uppity Dreamhack,2,29905000,2015-2-16,10,1400,Redding
Deranged Ladder,2,10833000,2015-12-25,21,1500,Rockford
Gleaming Dota Championship,1,16794000,2008-5-28,21,800,Alexandria
Loving Dota Championship,1,9406000,2015-4-18,25,1900,Portsmouth
Giddy Dreamhack,1,31396000,2021-10-24,4,300,Rockford
Aboriginal Dota Championship,4,16762000,2016-8-3,17,2200,McAllen
Purple Dota Championship,1,6945000,2010-8-28,20,2100,New Bedford
Cowardly Dreamhack,3,12704000,2010-10-17,5,2300,Fairfield
Unusual Major,1,26670000,2020-7-25,10,600,Utica
Available Minor,2,32549000,2012-6-23,24,500,Pittsburgh
Gorgeous Major,2,10322000,2009-8-3,7,1800,Salem
Lonely Ladder,3,27925000,2005-12-12,27,500,Macon
Silky Major,4,37106000,2012-5-27,22,600,Irving
Likeable Dota Championship,1,18643000,2019-9-20,1,900,Denton
Relieved Ladder,4,17644000,2009-12-22,23,2200,Burlington
Bad Dota Championship,4,18534000,2021-9-28,19,1500,Davenport
Stale Minor,3,27400000,2013-2-15,1,800,Chesapeake
Pumped Dreamhack,2,13111000,2021-10-13,25,2200,Chesapeake
Nervous Dota Championship,1,37042000,2016-9-23,6,1300,Salem
Tacky Major,2,24549000,2007-9-20,17,1600,Kennewick
Grumpy Dota Championship,1,16249000,2017-1-2,4,800,Elk Grove
Better Dreamhack,4,16006000,2015-6-9,27,1000,Frederick
Stereotyped Minor,3,4904000,2014-9-15,29,1400,Saint Petersburg
Sloppy Ladder,3,33852000,2020-10-18,20,1500,Muskegon
Aloof Ladder,4,3904000,2008-11-14,22,2500,Modesto
Oceanic Major,2,35956000,2009-2-9,18,1700,El Paso
Selective Dota Championship,3,4048000,2013-10-7,11,2000,Kansas City
Skillful Dota Championship,2,29781000,2007-10-18,18,800,Arvada
Observant Dreamhack,3,11330000,2013-9-21,1,2200,Murrieta
Tasty Major,1,31709000,2015-5-4,29,1400,Memphis
Resonant Dota Championship,2,26033000,2021-1-13,16,1300,Downey
Sneaky Dreamhack,4,26522000,2011-1-25,9,800,Fullerton
Icy Ladder,2,12370000,2010-9-25,13,900,Omaha
Square Minor,2,1832000,2017-7-6,18,300,Little Rock
Nosy Major,1,10952000,2010-5-1,26,2300,Asheville
Gabby Dreamhack,1,27368000,2017-1-17,20,2400,Albany
Languid Ladder,2,14336000,2021-9-28,8,500,Alexandria
Endurable Dota Championship,3,13450000,2010-7-6,7,1200,Alexandria
Zonked Ladder,4,30470000,2014-12-1,10,1900,Antioch
Gigantic Dota Championship,4,17378000,2020-7-20,21,1000,Pasadena
Tacit Minor,1,33196000,2016-7-28,16,1600,North Charleston
Lowly Ladder,2,32882000,2019-7-10,18,1000,Killeen
Boundless Major,2,36819000,2014-3-16,29,1500,Sioux Falls
Guarded Dreamhack,1,2512000,2007-9-10,2,900,Huntington
Lazy Minor,4,26689000,2019-12-27,1,1000,Laredo
Silent Dreamhack,3,9311000,2006-12-8,27,700,Springfield
Imaginary Dota Championship,2,36394000,2018-7-10,1,2400,Lansing
Incompetent Dota Championship,1,32845000,2012-1-20,4,1900,Fort Worth
Faded Dreamhack,3,922000,2008-3-2,12,800,Sebastian
Witty Dota Championship,1,19918000,2005-11-11,14,1900,Escondido
Spurious Dreamhack,2,5096000,2006-4-22,8,1600,Durham
Satisfying Major,4,38819000,2007-7-16,17,300,McAllen
Upset Dota Championship,1,6310000,2010-2-28,21,1700,Oxnard
Numerous Major,4,14454000,2017-8-18,7,1200,Memphis
Mammoth Dota Championship,2,7030000,2010-11-5,28,2100,Hialeah
Abrasive Dota Championship,4,38892000,2016-6-10,30,400,Norwalk
Solid Dreamhack,2,19206000,2009-2-27,20,2300,Tyler
Efficient Ladder,1,39236000,2007-2-11,21,700,Huntington
Lopsided Major,2,4284000,2013-5-17,17,500,Lorain
Lyrical Major,1,31612000,2014-5-11,12,2000,Vero Beach
Thirsty Major,2,36822000,2015-4-15,7,2200,Burbank
Axiomatic Dreamhack,3,30321000,2005-4-22,29,400,Muskegon
Truculent Major,4,33013000,2020-4-22,13,2200,Odessa
Bored Dreamhack,2,34686000,2009-6-3,5,500,Rockford
Long Major,2,24141000,2021-6-25,30,1300,Davenport
Astonishing Minor,3,13667000,2013-7-9,21,1700,Port Arthur
Utter Dota Championship,2,4868000,2015-5-16,6,300,Sterling Heights
Light Dreamhack,2,19042000,2012-2-7,1,600,Boise City
Torpid Dota Championship,1,33676000,2010-7-7,1,1100,Marina
Fragile Minor,1,24518000,2008-1-21,3,2100,Macon
Old Dreamhack,2,20993000,2013-6-2,30,500,Minneapolis
Piquant Major,4,14725000,2019-8-2,13,1500,Roseville
Wet Ladder,3,20840000,2020-2-20,7,1000,St. Louis
Faded Dreamhack,4,26135000,2011-12-15,9,1500,Virginia Beach
Wrathful Minor,3,17055000,2005-7-2,8,600,Omaha
Wasteful Ladder,1,14236000,2009-8-22,2,1300,San Buenaventura
Straight Major,1,3433000,2014-9-10,30,800,Scranton
Precious Dota Championship,2,29067000,2014-10-9,22,600,Billings
Quarrelsome Ladder,3,30836000,2009-4-28,7,900,Pompano Beach
Squalid Dota Championship,3,7312000,2006-11-8,2,1800,Elkhart
Highfalutin Ladder,3,27675000,2012-8-20,25,2200,Allentown
Wee Dreamhack,3,9806000,2019-1-18,21,1900,Gulfport-Biloxi
Wee Dreamhack,2,29526000,2015-11-14,16,1000,Clarke County
X-Rated Dota Championship,3,31991000,2017-11-8,14,1100,Allentown
Reminiscent Dota Championship,4,17423000,2012-10-4,9,1300,Springdale
Brawny Minor,1,2836000,2020-9-1,23,1500,Bethlehem
Wicked Dreamhack,1,20151000,2018-8-8,12,700,Pembroke Pines
High Minor,2,19173000,2015-10-8,2,900,Santa Clarita
Ragged Ladder,1,35320000,2006-5-4,25,1800,Indianapolis
Rabid Dreamhack,3,37961000,2008-1-15,30,2200,Glendale
Observant Minor,1,26180000,2021-7-28,13,2000,Medford
Volatile Dota Championship,3,2241000,2017-3-9,24,700,Orem
Quack Dota Championship,3,35737000,2009-11-13,15,2200,Miami
Motionless Dota Championship,1,36263000,2013-2-23,16,1000,Athens
Big Dota Championship,3,19872000,2021-3-13,23,400,Palm Springs
Amused Dreamhack,2,10674000,2015-7-21,23,2400,Albany
Periodic Major,1,19212000,2014-8-17,28,1800,Bloomington
Pathetic Minor,4,28085000,2014-8-17,28,1300,Kennewick
Smelly Dota Championship,4,25688000,2006-3-15,30,1300,Overland Park
Shivering Major,3,31242000,2008-3-6,8,1800,Hesperia
Salty Ladder,3,21316000,2011-10-26,24,600,Champaign
Selfish Minor,2,26713000,2007-11-7,22,300,Gulfport-Biloxi
Ambiguous Dota Championship,2,5022000,2013-11-24,6,2300,Pompano Beach
Old Dota Championship,2,20701000,2016-6-27,14,1200,GreenBay
Goofy Dreamhack,3,32600000,2005-12-16,10,900,Olathe
Hard Dreamhack,1,23082000,2015-5-26,28,2300,Bellevue
Satisfying Ladder,1,33240000,2012-2-11,2,1600,Mobile
Heavenly Major,4,9979000,2018-1-1,7,1600,Naples
Successful Ladder,1,37142000,2005-7-23,7,700,New Haven
Statuesque Minor,3,4727000,2010-5-22,3,400,Escondido
Smoggy Major,4,22044000,2019-7-26,20,500,Champaign
Voracious Minor,1,4911000,2017-5-4,10,900,North Las Vegas
Absorbing Ladder,3,26305000,2009-8-25,27,700,Tacoma
Steadfast Minor,1,7306000,2016-4-21,4,600,Burbank
Agonizing Major,2,29699000,2011-6-20,26,900,Jackson
Ruddy Dota Championship,3,7304000,2009-2-3,4,1300,Portsmouth
Callous Major,2,23039000,2016-2-25,16,1800,Youngstown
Roasted Major,2,28880000,2008-8-21,1,2300,Salinas
Important Minor,4,11316000,2017-12-6,7,2000,Visalia
Hushed Minor,3,33536000,2021-9-3,26,1200,Providence
Tasteless Dreamhack,2,2526000,2010-3-28,28,1200,North Port
Venomous Major,3,19442000,2005-9-26,9,400,San Francisco
Cute Dreamhack,1,13544000,2009-11-28,17,2000,Chesapeake
Heartbreaking Minor,3,28049000,2014-8-6,28,500,Anaheim
Harsh Major,1,6136000,2018-4-11,6,300,Antioch
Damp Dota Championship,4,23710000,2017-9-20,8,700,Joliet
Quarrelsome Major,3,1928000,2014-11-6,22,1100,Ann Arbor
Proud Major,3,3054000,2008-10-15,8,1300,Albany
Guarded Major,4,17376000,2021-2-10,10,500,Santa Barbara
Dull Major,3,5982000,2019-10-2,28,1100,Flint
Statuesque Dota Championship,4,38275000,2012-7-25,12,1600,Gastonia
Black Major,1,37302000,2007-6-9,19,600,Fort Lauderdale
Ill Ladder,4,10272000,2012-9-13,27,1100,Newburgh
Ahead Major,2,21289000,2021-5-17,22,2300,El Monte
Recondite Ladder,4,29764000,2018-4-10,23,1500,Topeka
Swift Dreamhack,3,33534000,2005-3-27,15,400,San Francisco
Abiding Dota Championship,1,422000,2020-7-12,1,2400,Escondido
Concerned Dreamhack,3,12116000,2006-5-9,10,1200,Deltona
Ceaseless Minor,3,28964000,2020-7-16,12,700,Norwich
Aspiring Ladder,4,13036000,2019-12-11,17,2100,Reno
Accurate Minor,1,416000,2014-5-16,16,400,Grand Prairie
Aback Ladder,2,3609000,2006-9-9,13,1700,Virginia Beach
Nutty Dreamhack,3,33306000,2013-9-20,15,1100,Kaneohe
Humdrum Ladder,4,32054000,2007-6-8,9,300,Anchorage
Demonic Ladder,1,26279000,2009-10-23,19,1600,Erie
Unsightly Dota Championship,2,25185000,2008-6-27,25,1500,Elizabeth
Stingy Minor,2,553000,2008-3-1,16,1700,Saginaw
Miscreant Minor,2,33132000,2015-12-10,30,1900,Huntington Beach
Evanescent Minor,3,21038000,2015-7-17,11,400,Fargo
Frightened Major,3,4458000,2014-12-25,1,1400,Anaheim
Numberless Dreamhack,1,8871000,2013-9-10,29,900,Saint Louis
Gaudy Dreamhack,4,1311000,2018-2-14,27,1100,Sebastian
Torpid Major,4,20579000,2009-9-8,27,600,Murrieta
Aggressive Dreamhack,3,25373000,2017-11-4,5,2200,Naperville
Miscreant Dreamhack,2,10564000,2011-6-23,4,800,New London
Lyrical Ladder,2,8033000,2012-11-28,18,2000,Fort Walton Beach
Excited Ladder,1,4703000,2012-3-20,10,400,Orlando
Habitual Ladder,3,22534000,2014-10-7,9,500,Henderson
Faithful Dreamhack,1,28407000,2015-2-12,1,1400,Waterloo
Venomous Minor,3,33687000,2016-4-8,27,2100,Tacoma
Modern Dreamhack,1,13851000,2013-3-9,15,300,Hemet
Sassy Major,3,20877000,2015-6-16,7,400,Greenville
Redundant Minor,1,38581000,2005-6-1,3,1100,Pueblo
Fluttering Dota Championship,2,6553000,2020-5-13,3,900,Denver
Quaint Ladder,1,7586000,2021-1-13,18,1100,Indianapolis
Evanescent Dreamhack,4,39318000,2013-3-5,2,2300,Garland
Hapless Major,3,39397000,2011-9-27,5,400,Palm Bay
Foolish Major,1,29765000,2014-5-14,8,2400,Paterson
Frail Major,3,8908000,2005-12-25,3,300,Worcester
Doubtful Minor,3,6541000,2010-9-10,23,1500,Youngstown
Succinct Dreamhack,2,11597000,2011-1-22,22,1800,Bremerton
Didactic Major,3,22420000,2006-12-22,7,900,Tuscaloosa
Flat Major,3,23446000,2021-8-1,4,2400,Westminster
Lowly Major,2,24542000,2020-11-24,12,900,Apple Valley
Jaded Dreamhack,3,32426000,2015-6-2,6,1300,Lakeland
Oafish Minor,4,32561000,2010-12-13,27,1100,Kailua
Alcoholic Ladder,3,33116000,2021-10-26,8,2400,Riverside
Zany Major,2,22179000,2013-11-13,25,800,Columbus
Knowing Dota Championship,4,29211000,2009-2-28,29,1200,Monroe
Disgusted Minor,1,7751000,2011-8-10,21,1700,Gainesville
Purple Ladder,4,12341000,2011-5-16,17,2400,Murrieta
Malicious Dreamhack,3,22768000,2011-5-18,27,2200,Des Moines
Little Dreamhack,2,2035000,2007-5-4,26,1400,Port Orange
Dashing Dreamhack,4,15534000,2005-4-22,22,900,Tuscaloosa
Rustic Dreamhack,3,38566000,2006-2-6,25,1100,Naperville
Futuristic Dreamhack,2,30124000,2007-3-11,12,2400,Havre de Grace
Obtainable Minor,1,6170000,2021-12-8,14,1000,Fort Lauderdale
Smelly Minor,2,26054000,2009-6-14,1,300,Houston
Tenuous Minor,2,37218000,2014-8-4,12,1900,Gastonia
Painstaking Dota Championship,1,24174000,2007-2-23,26,2400,Colorado Springs
Flippant Major,3,25816000,2007-2-5,13,700,Davenport
Wild Minor,3,11333000,2005-7-2,4,800,Rockford
Narrow Minor,4,38450000,2005-4-19,2,2400,Cincinnati
Obscene Dota Championship,3,22676000,2017-9-10,14,1500,Charlotte
Numerous Ladder,2,12207000,2011-9-2,17,1700,Antioch
Round Dreamhack,3,17835000,2009-11-19,17,2400,Denver
Tart Dreamhack,3,16397000,2007-10-11,6,2300,Huntsville
Lacking Major,1,20973000,2007-5-27,25,1100,Port Arthur
Grumpy Dreamhack,1,12730000,2009-9-24,21,1200,Amarillo
Obnoxious Minor,2,30987000,2013-3-13,4,1100,Fort Worth
Historical Minor,4,8102000,2014-11-25,14,1800,Indianapolis
Alike Major,3,21144000,2007-8-16,19,800,Springfield
Gleaming Ladder,3,11327000,2007-1-24,15,1300,Montgomery
Quack Major,4,39845000,2010-2-17,22,1700,Detroit
Smelly Major,1,32621000,2020-8-10,25,1400,Fargo
Late Dota Championship,2,7438000,2008-7-25,27,2100,Syracuse
Painstaking Dota Championship,4,11200000,2018-11-20,15,300,Kalamazoo
Tall Minor,4,27620000,2013-5-23,23,300,Punta Gorda
Capable Dota Championship,3,24063000,2013-12-12,8,2000,Abilene
Quaint Dreamhack,4,23341000,2010-7-22,2,1500,Tulsa
Puzzled Minor,1,17678000,2005-2-17,14,1300,Aberdeen
Cruel Dreamhack,4,36395000,2010-10-26,1,1900,Virginia Beach
Possessive Major,2,17941000,2008-2-9,14,2300,Lincoln
Workable Major,1,2584000,2018-2-17,7,1500,Boise
Possessive Major,1,18650000,2020-9-12,24,1200,Olympia
Obtainable Dreamhack,1,11426000,2019-10-18,12,1100,Waterbury
Ubiquitous Ladder,3,18730000,2016-1-24,10,2300,Waco
Exuberant Dreamhack,3,37659000,2012-12-27,21,1900,Waterloo
Stimulating Ladder,1,22371000,2005-8-3,8,2200,Lowell
Delightful Minor,3,21446000,2009-2-7,5,700,Huntington
Nosy Major,2,7335000,2005-2-5,23,900,Peoria
Incandescent Ladder,4,37194000,2017-2-20,23,1800,Newport News
Foolish Dota Championship,1,14869000,2017-5-22,16,900,New Haven
Dark Dreamhack,4,10568000,2014-10-13,12,2100,Tallahassee
Unable Ladder,2,18890000,2017-3-21,29,700,Brighton
Cynical Minor,3,16117000,2005-4-1,8,1900,Harrisburg
Vengeful Major,4,16147000,2019-9-15,24,1100,Corpus Christi
Screeching Dota Championship,1,6638000,2008-1-1,15,1700,Punta Gorda
Clear Dota Championship,2,29794000,2016-3-13,29,300,Topeka
Grieving Major,1,38907000,2008-3-4,23,800,Chicago
Secretive Dreamhack,3,7130000,2017-10-18,19,900,Baton Rouge
Crazy Dreamhack,2,2250000,2007-7-2,9,2300,Jackson
Cooing Minor,3,12928000,2006-3-3,3,900,Lansing
Chubby Dreamhack,1,21206000,2011-7-21,16,1000,Pomona
Spurious Ladder,3,5087000,2012-8-24,8,1000,Syracuse
Overt Ladder,4,31513000,2017-5-16,29,300,Pueblo
Muddled Major,3,37423000,2008-4-23,8,800,Cincinnati
Dispensable Ladder,1,3093000,2016-8-16,18,1700,Gilbert
Wanting Dota Championship,4,24607000,2011-3-27,27,1400,Oakland
Racial Dreamhack,2,14942000,2020-12-6,8,2200,Asheville
Gifted Minor,2,26710000,2008-7-27,12,1100,Clarke County
Gamy Dota Championship,1,3921000,2009-11-23,23,700,South Bend
Faded Dreamhack,4,24791000,2008-9-16,10,1200,Abilene
Versed Dreamhack,2,29640000,2012-3-11,17,2200,Chula Vista
Miniature Major,2,27565000,2019-9-17,11,1300,South Lyon
Abhorrent Ladder,1,1784000,2006-11-7,15,1500,Peoria
Massive Dreamhack,4,9762000,2014-2-12,8,1400,Sioux City
Grotesque Ladder,1,3345000,2016-9-10,7,1400,Miramar
Versed Ladder,4,692000,2009-8-11,28,2100,McAllen
Boiling Ladder,4,39076000,2014-3-6,27,800,Coral Springs
Annoying Minor,4,39112000,2014-10-9,9,1400,Cambridge
Idiotic Minor,4,39868000,2010-11-4,7,1100,Simi Valley
Depressed Dreamhack,3,33008000,2006-8-11,25,1500,Inglewood
Gaping Dota Championship,3,6594000,2019-2-24,25,2000,St. Petersburg
Macabre Dreamhack,4,19936000,2021-11-7,10,1600,Warren
Cultured Minor,2,13668000,2017-7-4,20,800,Albany
Dry Ladder,3,17857000,2017-11-1,11,1600,Bel Air
Tranquil Major,2,25444000,2020-12-16,25,1800,Tyler
Lyrical Ladder,3,29011000,2016-10-28,18,1900,Downey
Luxuriant Dota Championship,1,6383000,2020-10-22,4,1400,Odessa
Auspicious Dreamhack,3,12194000,2005-2-15,21,500,Olympia
Plain Ladder,1,39220000,2007-9-8,3,700,Hesperia
Abject Minor,1,22729000,2018-5-28,7,400,Sarasota
Adventurous Dreamhack,1,25100000,2020-1-28,22,1000,Wichita
Enchanting Dreamhack,3,29011000,2009-11-22,7,1600,Buffalo
Tense Major,1,14116000,2019-7-1,2,1400,Harlingen
Lyrical Major,4,32967000,2012-2-13,29,1000,Bryan
Coherent Ladder,2,20522000,2018-8-7,26,900,Bryan
Cloistered Ladder,1,28893000,2011-8-21,15,900,Houston
Bored Ladder,4,16557000,2009-4-13,5,2400,Tyler
Somber Dreamhack,4,33361000,2016-9-21,11,600,Fargo
Afraid Dota Championship,4,22065000,2021-1-7,26,2400,Lexington
Meek Minor,1,7069000,2018-6-27,19,900,Lansing
Earsplitting Major,3,26089000,2013-3-19,7,1800,Salinas
Aware Minor,3,5315000,2009-12-22,13,700,Thousand Oaks
Graceful Minor,1,38150000,2015-9-25,3,2300,Lowell
Glorious Minor,4,12240000,2006-11-7,5,800,Port St. Lucie
Petite Minor,1,37277000,2011-5-23,18,400,Coral Springs
Chivalrous Major,4,10650000,2012-4-2,10,1900,Davidson County
Fast Dreamhack,1,8248000,2007-4-6,8,900,Rockford
Internal Dreamhack,1,23413000,2016-10-20,9,2000,Santa Cruz
Fertile Ladder,2,5974000,2017-1-10,17,1900,Springfield
Needless Major,3,23905000,2007-8-12,12,1800,Muskegon
Abhorrent Ladder,3,981000,2020-12-11,20,1900,Henderson
Toothsome Major,2,4915000,2021-6-2,23,1100,Toledo
Pastoral Ladder,1,19775000,2015-1-28,19,1900,Bellevue
Parsimonious Dreamhack,4,35186000,2019-7-15,6,2100,Henderson
Weary Ladder,1,13474000,2009-4-28,27,1400,Las Cruces
Hapless Major,3,24689000,2015-6-10,17,300,Lakeland
Exuberant Ladder,4,29975000,2010-4-3,2,500,Durham
Excited Dota Championship,3,12327000,2012-1-22,3,2100,Poughkeepsie
Fat Major,2,13179000,2019-9-5,21,1000,Long Beach
Giant Minor,1,7839000,2021-3-12,17,1300,Brownsville
Clear Minor,3,559000,2012-11-4,14,1900,Miramar
Glossy Dota Championship,2,8615000,2007-5-3,28,1200,Dallas
Scintillating Minor,4,27371000,2017-3-11,12,2100,Erie
Damaged Ladder,1,24381000,2007-11-24,13,600,Cambridge
Needy Dota Championship,1,11112000,2005-5-21,30,1500,Frederick
Abusive Major,3,20753000,2005-10-22,26,2300,Winston
Friendly Ladder,2,21716000,2007-9-11,3,1800,Stamford
Gentle Ladder,2,36442000,2008-7-12,2,2200,Orange
Evanescent Dreamhack,2,13202000,2007-10-20,2,600,Fort Collins
Needless Minor,1,7804000,2014-6-19,3,2200,Sterling Heights
Humorous Major,3,34403000,2008-11-16,25,2200,Lubbock
Dapper Minor,3,38520000,2005-1-12,5,1700,Tallahassee
Substantial Dota Championship,2,21377000,2005-7-13,15,1400,Anaheim
Empty Major,1,7157000,2019-5-14,2,1200,Jersey City
Agonizing Dreamhack,3,39922000,2009-12-2,21,1700,Charlotte
Piquant Minor,4,14790000,2010-6-12,26,2200,Saint Louis
Tenuous Minor,4,12282000,2017-2-8,20,2400,Murfreesboro
Fantastic Dreamhack,1,15583000,2014-8-7,12,900,Fort Lauderdale
Scientific Minor,2,15483000,2017-5-27,23,800,Marysville
Uptight Minor,4,15541000,2018-4-9,5,900,Normal
Guiltless Dota Championship,2,31791000,2009-12-21,14,1900,Lorain
Hurried Minor,1,11606000,2010-2-28,10,1800,South Bend
Helpful Minor,2,3733000,2012-4-25,18,800,Jacksonville
Alleged Dota Championship,4,25893000,2018-3-6,29,600,Port St. Lucie
Abnormal Dota Championship,4,4493000,2010-9-6,16,700,Norwich
Real Minor,4,11664000,2012-5-5,29,300,Phoenix
Aloof Ladder,2,26022000,2014-8-28,14,400,Tucson
Fantastic Major,3,25113000,2005-2-13,17,1100,Hampton
Instinctive Dota Championship,3,13528000,2017-10-27,5,1600,Bellevue
Sulky Minor,4,9262000,2019-5-18,8,2300,Hampton
Better Dreamhack,2,8374000,2015-12-20,11,900,Killeen
Clear Minor,2,9128000,2009-12-26,13,1200,Sarasota
Uttermost Dota Championship,2,37429000,2019-4-5,22,1100,Simi Valley
Functional Minor,2,31796000,2021-11-11,18,900,Gilbert
Discreet Minor,4,24097000,2011-9-19,11,300,Burbank
Tasty Ladder,1,34305000,2014-5-27,27,1800,Bremerton
Used Dota Championship,4,21696000,2018-4-24,5,2100,Sioux City
Aware Minor,1,20750000,2015-12-28,27,2200,Billings
Hot Dreamhack,4,4220000,2008-11-5,25,700,Oceanside
Stormy Dota Championship,1,37401000,2020-6-18,13,600,Garland
Sour Major,2,16207000,2006-10-18,4,1400,Davenport
Grumpy Ladder,3,25576000,2008-12-26,21,2100,Fort Smith
Panoramic Major,4,35353000,2018-9-21,19,2200,North Port
Versed Ladder,3,36153000,2010-11-24,4,700,Albuquerque
Miniature Ladder,2,16648000,2010-6-5,23,300,Torrance
Joyous Dreamhack,1,22788000,2008-6-9,15,500,Arvada
Capricious Dota Championship,2,4076000,2021-12-13,11,1600,North Port
Available Dreamhack,2,22701000,2016-2-10,12,1200,Tucson
Vague Minor,3,32103000,2013-11-4,8,2000,Hayward
Huge Ladder,1,38565000,2018-11-9,9,600,Little Rock
Lackadaisical Major,1,32023000,2011-2-21,14,1500,Lake Charles
Curly Dota Championship,2,35043000,2006-4-17,2,800,Colorado Springs
Accurate Major,3,38602000,2013-11-6,14,2100,Pensacola
Royal Major,4,22196000,2013-6-21,6,600,Columbia
Victorious Major,1,32949000,2009-5-17,22,1800,Baltimore
Ethereal Dreamhack,3,7141000,2011-9-14,20,2200,Daytona Beach
Tawdry Ladder,4,14924000,2011-10-26,1,1800,Allentown
Moldy Major,2,903000,2008-11-4,1,2300,Kissimmee
Calm Dreamhack,1,34269000,2007-11-9,16,2100,Fort Collins
Aback Ladder,2,6235000,2009-6-27,26,900,Tacoma
Educated Dreamhack,4,20720000,2012-10-5,20,2400,Grand Prairie
Concerned Major,4,38358000,2010-9-17,19,2100,Columbus
Good Minor,4,16734000,2013-1-20,21,600,Westminster
Blue Dreamhack,3,267000,2021-6-7,20,1000,Lakewood
Drunk Dreamhack,4,3654000,2016-4-5,22,1700,Fremont
Ahead Dreamhack,2,7226000,2006-1-15,9,700,Hollywood
Fuzzy Dota Championship,3,15454000,2008-11-13,23,1900,Honolulu
Ritzy Minor,4,39259000,2009-7-19,15,2300,Daly City
Defiant Major,2,14875000,2009-5-9,30,1500,Appleton
